Product Name,SUM of Quantity,Product Name,SUM of Quantity
Staples,215,Staples,215
Staple envelope,170,Staple envelope,170
Easy-staple paper,150,Easy-staple paper,150
Staples in misc. colors,86,Staples in misc. colors,86
KI Adjustable-Height Table,74,KI Adjustable-Height Table,74
Storex Dura Pro Binders,71,Storex Dura Pro Binders,71
Avery Non-Stick Binders,71,Avery Non-Stick Binders,71
GBC Premium Transparent Covers with Diagonal Lined Pattern,67,GBC Premium Transparent Covers with Diagonal Lined Pattern,67
"Situations Contoured Folding Chairs, 4/Set",64,"Situations Contoured Folding Chairs, 4/Set",64
Staple-based wall hangings,62,Staple-based wall hangings,62
Staple remover,61,,
Eldon Wave Desk Accessories,61,,
Chromcraft Round Conference Tables,61,,
Wilson Jones Turn Tabs Binder Tool for Ring Binders,59,,
"Global Wood Trimmed Manager's Task Chair, Khaki",59,,
Kingston Digital DataTraveler 16GB USB 2.0,57,,
Fellowes Officeware Wire Shelving,55,,
"Global High-Back Leather Tilter, Burgundy",54,,
Xerox 226,53,,
SAFCO Arco Folding Chair,53,,
Staple holder,52,,
Logitech 910-002974 M325 Wireless Mouse for Web Scrolling,52,,
I Need's 3d Hello Kitty Hybrid Silicone Case Cover for HTC One X 4g with 3d Hello Kitty Stylus Pen Green/pink,52,,
"Hon Deluxe Fabric Upholstered Stacking Chairs, Rounded Back",51,,
"GBC Standard Recycled Report Covers, Clear Plastic Sheets",51,,
Flat Face Poster Frame,51,,
Avery 485,51,,
Logitech Desktop MK120 Mouse and keyboard Combo,50,,
GBC Instant Report Kit,50,,
GBC DocuBind P50 Personal Binding Machine,50,,
Fellowes Bankers Box Stor/Drawer Steel Plus,50,,
Avery Durable Binders,50,,
Wilson Jones Easy Flow II Sheet Lifters,49,,
Newell 312,49,,
Maxell 4.7GB DVD-R,49,,
Iceberg Mobile Mega Data/Printer Cart ,49,,
"Hot File 7-Pocket, Floor Stand",49,,
Wilson Jones Century Plastic Molded Ring Binders,48,,
Pressboard Hanging Data Binders for Unburst Sheets,48,,
GBC Ibimaster 500 Manual ProClick Binding System,48,,
"Wilson Jones Ledger-Size, Piano-Hinge Binder, 2"", Blue",47,,
"Wilson Jones Clip & Carry Folder Binder Tool for Ring Binders, Clear",47,,
Tennsco Double-Tier Lockers,47,,
Ibico Plastic Spiral Binding Combs,47,,
GBC Twin Loop Wire Binding Elements,47,,
Advantus Plastic Paper Clips,47,,
Xerox 1898,46,,
Wilson Jones Leather-Like Binders with DublLock Round Rings,46,,
"Wilson Jones 1"" Hanging DublLock Ring Binders",46,,
SAFCO Boltless Steel Shelving,46,,
"Premier Elliptical Ring Binder, Black",46,,
Geemarc AmpliPOWER60,46,,
Bretford Rectangular Conference Table Tops,46,,
Xerox 1945,45,,
Memorex Mini Travel Drive 16 GB USB 2.0 Flash Drive,45,,
Eldon Shelf Savers Cubes and Bins,45,,
Adjustable Depth Letter/Legal Cart,45,,
"Acco Pressboard Covers with Storage Hooks, 14 7/8"" x 11"", Light Blue",45,,
Zipper Ring Binder Pockets,44,,
Wilson Jones Legal Size Ring Binders,44,,
SanDisk Ultra 32 GB MicroSDHC Class 10 Memory Card,44,,
"Pressboard Covers with Storage Hooks, 9 1/2"" x 11"", Light Blue",44,,
"OIC Colored Binder Clips, Assorted Sizes",44,,
Longer-Life Soft White Bulbs,44,,
Lock-Up Easel 'Spel-Binder',44,,
KI Conference Tables,44,,
"Hunt PowerHouse Electric Pencil Sharpener, Blue",44,,
Hon Olson Stacker Stools,44,,
"Global Stack Chair without Arms, Black",44,,
"Global Push Button Manager's Chair, Indigo",44,,
Avery File Folder Labels,44,,
"ACCOHIDE 3-Ring Binder, Blue, 1""",44,,
4009 Highlighters by Sanford,44,,
Tennsco 6- and 18-Compartment Lockers,43,,
Pyle PMP37LED,43,,
Premium Transparent Presentation Covers by GBC,43,,
Hon Every-Day Series Multi-Task Chairs,43,,
"Global Value Steno Chair, Gray",43,,
Fellowes Bankers Box Staxonsteel Drawer File/Stacking System,43,,
"Dual Level, Single-Width Filing Carts",43,,
"Avery 4027 File Folder Labels for Dot Matrix Printers, 5000 Labels per Box, White",43,,
Xerox 216,42,,
Wilson Jones Impact Binders,42,,
"Wilson Jones Elliptical Ring 3 1/2"" Capacity Binders, 800 sheets",42,,
Microsoft Sculpt Comfort Mouse,42,,
High-Back Leather Manager's Chair,42,,
GBC VeloBind Cover Sets,42,,
GBC Recycled VeloBinder Covers,42,,
"Fellowes Twister Kit, Gray/Clear, 3/pkg",42,,
"Angle-D Binders with Locking Rings, Label Holders",42,,
Xerox 1988,41,,
Motorola HK250 Universal Bluetooth Headset,41,,
Maxell LTO Ultrium - 800 GB,41,,
Logitech P710e Mobile Speakerphone,41,,
Ibico Plastic and Wire Spiral Binding Combs,41,,
Fellowes Basic Home/Office Series Surge Protectors,41,,
"Cardinal HOLDit! Binder Insert Strips,Extra Strips",41,,
Avery Self-Adhesive Photo Pockets for Polaroid Photos,41,,
Avery Reinforcements for Hole-Punch Pages,41,,
Avery Heavy-Duty EZD View Binder with Locking Rings,41,,
Aluminum Screw Posts,41,,
"Acco Six-Outlet Power Strip, 4' Cord Length",41,,
Xerox 1919,40,,
Xerox 1909,40,,
Vinyl Sectional Post Binders,40,,
"Tenex Personal Project File with Scoop Front Design, Black",40,,
Standard Rollaway File with Lock,40,,
"SlimView Poly Binder, 3/8""",40,,
Polycom VVX 310 VoIP phone,40,,
Honeywell Enviracaire Portable HEPA Air Cleaner for 17' x 22' Room,40,,
"Fellowes Mobile File Cart, Black",40,,
DAX Wood Document Frame,40,,
Crayola Colored Pencils,40,,
Cardinal EasyOpen D-Ring Binders,40,,
Bevis 36 x 72 Conference Tables,40,,
Belkin 5 Outlet SurgeMaster Power Centers,40,,
Avery Arch Ring Binders,40,,
Avery 499,40,,
"XtraLife ClearVue Slant-D Ring Binder, White, 3""",39,,
Xerox 191,39,,
Xerox 1893,39,,
Storex DuraTech Recycled Plastic Frosted Binders,39,,
Samsung Galaxy Mega 6.3,39,,
Round Specialty Laser Printer Labels,39,,
Prang Drawing Pencil Set,39,,
Nu-Dell Executive Frame,39,,
Novimex Fabric Task Chair,39,,
Memorex Micro Travel Drive 16 GB,39,,
"Lesro Sheffield Collection Coffee Table, End Table, Center Table, Corner Table",39,,
HON 5400 Series Task Chairs for Big and Tall,39,,
"Global Value Mid-Back Manager's Chair, Gray",39,,
"Global Leather Highback Executive Chair with Pneumatic Height Adjustment, Black",39,,
Global Ergonomic Managers Chair,39,,
GBC Prestige Therm-A-Bind Covers,39,,
Carina Double Wide Media Storage Towers in Natural & Black,39,,
"Acco Data Flex Cable Posts For Top & Bottom Load Binders, 6"" Capacity",39,,
Xerox 1881,38,,
Westinghouse Clip-On Gooseneck Lamps,38,,
Strathmore Photo Mount Cards,38,,
Sensible Storage WireTech Storage Systems,38,,
Satellite Sectional Post Binders,38,,
OIC Binder Clips,38,,
"Master Caster Door Stop, Brown",38,,
Hewlett Packard LaserJet 3310 Copier,38,,
"GBC Prepunched Paper, 19-Hole, for Binding Systems, 24-lb",38,,
Fellowes PB200 Plastic Comb Binding Machine,38,,
Xerox 214,37,,
Xerox 1883,37,,
White Computer Printout Paper by Universal,37,,
"REDIFORM Incoming/Outgoing Call Register, 11"" X 8 1/2"", 100 Messages",37,,
O'Sullivan 4-Shelf Bookcase in Odessa Pine,37,,
Jabra SPEAK 410,37,,
GBC DocuBind TL300 Electric Binding System,37,,
Fellowes Stor/Drawer Steel Plus Storage Drawers,37,,
DMI Arturo Collection Mission-style Design Wood Chair,37,,
"Cardinal Slant-D Ring Binder, Heavy Gauge Vinyl",37,,
Avery 476,37,,
Alphabetical Labels for Top Tab Filing,37,,
Acrylic Self-Standing Desk Frames,37,,
"Acco PRESSTEX Data Binder with Storage Hooks, Dark Blue, 14 7/8"" X 11""",37,,
"Acco Pressboard Covers with Storage Hooks, 14 7/8"" x 11"", Executive Red",37,,
"#10- 4 1/8"" x 9 1/2"" Recycled Envelopes",37,,
Xerox 1931,36,,
Tensor Computer Mounted Lamp,36,,
"Performers Binder/Pad Holder, Black",36,,
Logitech G19 Programmable Gaming Keyboard,36,,
Kensington 4 Outlet MasterPiece Compact Power Control Center,36,,
Hon Multipurpose Stacking Arm Chairs,36,,
GBC Imprintable Covers,36,,
"Dot Matrix Printer Tape Reel Labels, White, 5000/Box",36,,
"DAX Value U-Channel Document Frames, Easel Back",36,,
Catalog Binders with Expanding Posts,36,,
"Bevis Oval Conference Table, Walnut",36,,
"Avery Durable Slant Ring Binders, No Labels",36,,
Avery Durable Slant Ring Binders With Label Holder,36,,
"Acme Hot Forged Carbon Steel Scissors with Nickel-Plated Handles, 3 7/8"" Cut, 8""L",36,,
"Acco Flexible ACCOHIDE Square Ring Data Binder, Dark Blue, 11 1/2"" X 14"" 7/8""",36,,
Acco 3-Hole Punch,36,,
12-1/2 Diameter Round Wall Clock,36,,
"Wirebound Message Book, 4 per Page",35,,
WD My Passport Ultra 2TB Portable External Hard Drive,35,,
Sterilite Officeware Hinged File Box,35,,
"Southworth 100% Résumé Paper, 24lb.",35,,
Self-Adhesive Removable Labels,35,,
"SAFCO Commercial Wire Shelving, Black",35,,
"Redi-Strip #10 Envelopes, 4 1/8 x 9 1/2",35,,
Recycled Easel Ring Binders,35,,
Poly String Tie Envelopes,35,,
Poly Designer Cover & Back,35,,
Plantronics CS510 - Over-the-Head monaural Wireless Headset System,35,,
"Office Star - Contemporary Task Swivel chair with Loop Arms, Charcoal",35,,
"Global Fabric Manager's Chair, Dark Gray",35,,
Global Deluxe High-Back Manager's Chair,35,,
"GBC Twin Loop Wire Binding Elements, 9/16"" Spine, Black",35,,
Eldon ProFile File 'N Store Portable File Tub Letter/Legal Size Black,35,,
DXL Angle-View Binders with Locking Rings by Samsill,35,,
"Decoflex Hanging Personal Folder File, Blue",35,,
"Crayola Anti Dust Chalk, 12/Pack",35,,
Avery 518,35,,
"Atlantic Metals Mobile 3-Shelf Bookcases, Custom Colors",35,,
AT&T 17929 Lendline Telephone,35,,
Acco 6 Outlet Guardian Premium Surge Suppressor,35,,
Xerox 1978,34,,
"Wirebound Message Books, Four 2 3/4 x 5 White Forms per Page",34,,
"White Business Envelopes with Contemporary Seam, Recycled White Business Envelopes",34,,
Ultra Door Push Plate,34,,
Stockwell Push Pins,34,,
SanDisk Cruzer 64 GB USB Flash Drive,34,,
Recycled Pressboard Report Cover with Reinforced Top Hinge,34,,
PureGear Roll-On Screen Protector,34,,
Plantronics Audio 478 Stereo USB Headset,34,,
Newell 325,34,,
Mitel MiVoice 5330e IP Phone,34,,
Imation 16GB Mini TravelDrive USB 2.0 Flash Drive,34,,
Ibico Standard Transparent Covers,34,,
Ibico Laser Imprintable Binding System Covers,34,,
Ibico Hi-Tech Manual Binding System,34,,
Hon GuestStacker Chair,34,,
Hon 4070 Series Pagoda Armless Upholstered Stacking Chairs,34,,
Harbour Creations Steel Folding Chair,34,,
Global Highback Leather Tilter in Burgundy,34,,
GBC Standard Therm-A-Bind Covers,34,,
GBC Durable Plastic Covers,34,,
"File Shuttle II and Handi-File, Black",34,,
Fellowes Black Plastic Comb Bindings,34,,
Eldon Portable Mobile Manager,34,,
"Bush Heritage Pine Collection 5-Shelf Bookcase, Albany Pine Finish, *Special Order",34,,
"Bush Andora Bookcase, Maple/Graphite Gray Finish",34,,
Avery Poly Binder Pockets,34,,
"Avery Durable Plastic 1"" Binders",34,,
Accohide Poly Flexible Ring Binders,34,,
9-3/4 Diameter Round Wall Clock,34,,
Xerox 225,33,,
Xerox 1964,33,,
Xerox 1895,33,,
"Tennsco Stur-D-Stor Boltless Shelving, 5 Shelves, 24"" Deep, Sand",33,,
Staple magnet,33,,
Space Solutions Commercial Steel Shelving,33,,
"Perma STOR-ALL Hanging File Box, 13 1/8""W x 12 1/4""D x 10 1/2""H",33,,
Newell 333,33,,
Letter Size Cart,33,,
Kensington Orbit Wireless Mobile Trackball for PC and Mac,33,,
Ideal Clamps,33,,
Global Commerce Series High-Back Swivel/Tilt Chairs,33,,
"GBC Velobind Prepunched Cover Sets, Regency Series",33,,
"Fellowes Strictly Business Drawer File, Letter/Legal Size",33,,
"Electrix Architect's Clamp-On Swing Arm Lamp, Black",33,,
"Eldon Expressions Wood Desk Accessories, Oak",33,,
Deluxe Heavy-Duty Vinyl Round Ring Binder,33,,
"Deflect-o EconoMat Studded, No Bevel Mat for Low Pile Carpeting",33,,
Bush Advantage Collection Racetrack Conference Table,33,,
Avery Durable Poly Binders,33,,
"Adams Phone Message Book, 200 Message Capacity, 8 1/16” x 11”",33,,
3M Hangers With Command Adhesive,33,,
Xerox 1960,32,,
Xerox 1908,32,,
Xerox 1906,32,,
Xerox 1884,32,,
Wilson Electronics DB Pro Signal Booster,32,,
Vtech CS6719,32,,
"SimpliFile Personal File, Black Granite, 15w x 6-15/16d x 11-1/4h",32,,
Rogers Profile Extra Capacity Storage Tub,32,,
Prang Colored Pencils,32,,
Panasonic KX TS208W Corded phone,32,,
Office Star - Contemporary Swivel Chair with Padded Adjustable Arms and Flex Back,32,,
Nortel Meridian M3904 Professional Digital phone,32,,
Newell 347,32,,
Newell 317,32,,
Motorola L703CM,32,,
Memorex Froggy Flash Drive 8 GB,32,,
Logitech Wireless Headset h800,32,,
Imation Secure+ Hardware Encrypted USB 2.0 Flash Drive; 16GB,32,,
Great White Multi-Use Recycled Paper (20Lb. and 84 Bright),32,,
Global Troy Executive Leather Low-Back Tilter,32,,
Global Chrome Stack Chair,32,,
"Global Airflow Leather Mesh Back Chair, Black",32,,
GE 30524EE4,32,,
"Bush Westfield Collection Bookcases, Medium Cherry Finish",32,,
"Boston School Pro Electric Pencil Sharpener, 1670",32,,
Binding Machine Supplies,32,,
Avery Recycled Flexi-View Covers for Binding Systems,32,,
Avery Hole Reinforcements,32,,
Avery 512,32,,
"Adams Telephone Message Book W/Dividers/Space For Phone Numbers, 5 1/4""X8 1/2"", 200/Messages",32,,
Acme Forged Steel Scissors with Black Enamel Handles,32,,
"#10 White Business Envelopes,4 1/8 x 9 1/2",32,,
Toshiba IPT2010-SD IP Telephone,31,,
SanDisk Ultra 16 GB MicroSDHC Class 10 Memory Card,31,,
"SAFCO Mobile Desk Side File, Wire Frame",31,,
"Personal Filing Tote with Lid, Black/Gray",31,,
Peel-Off China Markers,31,,
Office Star - Mid Back Dual function Ergonomic High Back Chair with 2-Way Adjustable Arms,31,,
O'Sullivan 2-Door Barrister Bookcase in Odessa Pine,31,,
Logitech Gaming G510s - Keyboard,31,,
Logitech diNovo Edge Keyboard,31,,
"Iceberg Nesting Folding Chair, 19w x 6d x 43h",31,,
"Howard Miller 13-3/4"" Diameter Brushed Chrome Round Wall Clock",31,,
Hoover Upright Vacuum With Dirt Cup,31,,
GuestStacker Chair with Chrome Finish Legs,31,,
"Global Stack Chair with Arms, Black",31,,
"GBC White Gloss Covers, Plain Front",31,,
GBC ProClick Punch Binding System,31,,
"GBC Pre-Punched Binding Paper, Plastic, White, 8-1/2"" x 11""",31,,
Fellowes PB500 Electric Punch Plastic Comb Binding Machine with Manual Bind,31,,
Fellowes Binding Cases,31,,
"Eldon Image Series Desk Accessories, Burgundy",31,,
C-Line Cubicle Keepers Polyproplyene Holder With Velcro Backings,31,,
Bulldog Vacuum Base Pencil Sharpener,31,,
Bestar Classic Bookcase,31,,
"Belkin 19"" Vented Equipment Shelf, Black",31,,
Avery Metallic Poly Binders,31,,
"Avery Hi-Liter EverBold Pen Style Fluorescent Highlighters, 4/Pack",31,,
Advantus Rolling Drawer Organizers,31,,
Acme Box Cutter Scissors,31,,
Acco Translucent Poly Ring Binders,31,,
Acco Perma 4000 Stacking Storage Drawers,31,,
Acco D-Ring Binder w/DublLock,31,,
"Acco 7-Outlet Masterpiece Power Center, Wihtout Fax/Phone Line Protection",31,,
Acco 6 Outlet Guardian Premium Plus Surge Suppressor,31,,
Xerox 4200 Series MultiUse Premium Copy Paper (20Lb. and 84 Bright),30,,
Xerox 1997,30,,
Xerox 1951,30,,
Xerox 1891,30,,
Xerox 1887,30,,
X-Rack File for Hanging Folders,30,,
"Verbatim 25 GB 6x Blu-ray Single Layer Recordable Disc, 3/Pack",30,,
"Trav-L-File Heavy-Duty Shuttle II, Black",30,,
SANFORD Major Accent Highlighters,30,,
Safco Industrial Wire Shelving System,30,,
Rogers Handheld Barrel Pencil Sharpener,30,,
"Recycled Desk Saver Line ""While You Were Out"" Book, 5 1/2"" X 4""",30,,
Razer Kraken PRO Over Ear PC and Music Headset,30,,
Presstex Flexible Ring Binders,30,,
Peel & Stick Add-On Corner Pockets,30,,
"Padded Folding Chairs, Black, 4/Carton",30,,
OIC Stacking Trays,30,,
OIC Bulk Pack Metal Binder Clips,30,,
Newell 35,30,,
Newell 311,30,,
Mediabridge Sport Armband iPhone 5s,30,,
"Master Big Foot Doorstop, Beige",30,,
Manco Dry-Lighter Erasable Highlighter,30,,
Logitech Wireless Marathon Mouse M705,30,,
Iris Project Case,30,,
"Iceberg OfficeWorks 42"" Round Tables",30,,
"Hon Metal Bookcases, Black",30,,
Hon 94000 Series Round Tables,30,,
Home/Office Personal File Carts,30,,
Holmes Odor Grabber,30,,
Globe Weis Peel & Seel First Class Envelopes,30,,
Global Super Steno Chair,30,,
GBC VeloBinder Manual Binding System,30,,
GBC Standard Plastic Binding Systems' Combs,30,,
GBC Plastic Binding Combs,30,,
Fellowes Superior 10 Outlet Split Surge Protector,30,,
Eldon Simplefile Box Office,30,,
Eldon Mobile Mega Data Cart  Mega Stackable  Add-On Trays,30,,
Cisco SPA301,30,,
Chromcraft Rectangular Conference Tables,30,,
"BOSTON Model 1800 Electric Pencil Sharpeners, Putty/Woodgrain",30,,
Belkin 8 Outlet Surge Protector,30,,
Avery 481,30,,
Avery 474,30,,
Xerox 209,29,,
"Vinyl Coated Wire Paper Clips in Organizer Box, 800/Box",29,,
Tennsco Industrial Shelving,29,,
Surelock Post Binders,29,,
Steel Personal Filing/Posting Tote,29,,
Sony Micro Vault Click 16 GB USB 2.0 Flash Drive,29,,
Revere Boxed Rubber Bands by Revere,29,,
Razer Kraken 7.1 Surround Sound Over Ear USB Gaming Headset,29,,
"Premium Writing Pencils, Soft, #2 by Central Association for the Blind",29,,
"Premium Transparent Presentation Covers, No Pattern/Clear, 8 1/2"" x 11""",29,,
"Permanent Self-Adhesive File Folder Labels for Typewriters, 1 1/8 x 3 1/2, White",29,,
Nortel Networks T7316 E Nt8 B27,29,,
Microsoft Natural Keyboard Elite,29,,
Logitech G602 Wireless Gaming Mouse,29,,
invisibleSHIELD by ZAGG Smudge-Free Screen Protector,29,,
"Howard Miller 14-1/2"" Diameter Chrome Round Wall Clock",29,,
Hon Non-Folding Utility Tables,29,,
Heavy-Duty E-Z-D Binders,29,,
Global Deluxe Steno Chair,29,,
"GE 48"" Fluorescent Tube, Cool White Energy Saver, 34 Watts, 30/Box",29,,
Enermax Acrylux Wireless Keyboard,29,,
Clear Mylar Reinforcing Strips,29,,
Bretford CR4500 Series Slim Rectangular Table,29,,
"Bravo II Megaboss 12-Amp Hard Body Upright, Replacement Belts, 2 Belts per Pack",29,,
"BIC Brite Liner Grip Highlighters, Assorted, 5/Pack",29,,
Belkin F9H710-06 7 Outlet SurgeMaster Surge Protector,29,,
Belkin 6 Outlet Metallic Surge Strip,29,,
Astroparche Fine Business Paper,29,,
Acco Suede Grain Vinyl Round Ring Binder,29,,
Xerox 202,28,,
Xerox 1996,28,,
Xerox 1971,28,,
Xerox 1962,28,,
Xerox 1949,28,,
Xerox 1915,28,,
"Wirebound Message Books, Four 2 3/4"" x 5"" Forms per Page, 600 Sets per Book",28,,
Tennsco Single-Tier Lockers,28,,
Southworth 25% Cotton Premium Laser Paper and Envelopes,28,,
"Snap-A-Way Black Print Carbonless Ruled Speed Letter, Triplicate",28,,
Samsung Galaxy S III - 16GB - pebble blue (T-Mobile),28,,
Round Ring Binders,28,,
Personal Creations Ink Jet Cards and Labels,28,,
Office Star - Professional Matrix Back Chair with 2-to-1 Synchro Tilt and Mesh Fabric Seat,28,,
O'Sullivan Living Dimensions 2-Shelf Bookcases,28,,
Newell 319,28,,
Logitech Trackman Marble Mouse,28,,
"LF Elite 3D Dazzle Designer Hard Case Cover, Lf Stylus Pen and Wiper For Apple Iphone 5c Mini Lite",28,,
Ibico Ibimaster 300 Manual Binding System,28,,
"Gould Plastics 18-Pocket Panel Bin, 34w x 5-1/4d x 20-1/2h",28,,
"Global Armless Task Chair, Royal Blue",28,,
Fiskars Softgrip Scissors,28,,
Dixon Ticonderoga Core-Lock Colored Pencils,28,,
Dana Halogen Swing-Arm Architect Lamp,28,,
Canvas Sectional Post Binders,28,,
Cameo Buff Policy Envelopes,28,,
"C-Line Magnetic Cubicle Keepers, Clear Polypropylene",28,,
Black & Decker Filter for Double Action Dustbuster Cordless Vac BLDV7210,28,,
Avery Heavy-Duty EZD  Binder With Locking Rings,28,,
"Avery Address/Shipping Labels for Typewriters, 4"" x 2""",28,,
Avery 505,28,,
AT&T 841000 Phone,28,,
"Advantus Employee of the Month Certificate Frame, 11 x 13-1/2",28,,
"Adams Telephone Message Book w/Frequently-Called Numbers Space, 400 Messages per Book",28,,
"Acco Pressboard Covers with Storage Hooks, 9 1/2"" x 11"", Executive Red",28,,
"Acco Four Pocket Poly Ring Binder with Label Holder, Smoke, 1""",28,,
"Xerox Color Copier Paper, 11"" x 17"", Ream",27,,
Xerox 195,27,,
Xerox 1894,27,,
Ultra Door Pull Handle,27,,
Tripp Lite Isotel 6 Outlet Surge Protector with Fax/Modem Protection,27,,
"Square Credit Card Reader, 4 1/2"" x 4 1/2"" x 1"", White",27,,
Space Solutions HD Industrial Steel Shelving.,27,,
Sony 64GB Class 10 Micro SDHC R40 Memory Card,27,,
Samsung HM1900 Bluetooth Headset,27,,
Safco Contoured Stacking Chairs,27,,
Pressboard Data Binders by Wilson Jones,27,,
Plantronics Cordless Phone Headset with In-line Volume - M214C,27,,
Panasonic KX-TG9471B,27,,
OtterBox Defender Series Case - Samsung Galaxy S4,27,,
Nontoxic Chalk,27,,
Newell 334,27,,
"Master Caster Door Stop, Large Neon Orange",27,,
"Lifetime Advantage Folding Chairs, 4/Carton",27,,
Ibico Presentation Index for Binding Systems,27,,
"Howard Miller 13"" Diameter Pewter Finish Round Wall Clock",27,,
"Howard Miller 13"" Diameter Goldtone Round Wall Clock",27,,
Griffin GC17055 Auxiliary Audio Cable,27,,
GBC Personal VeloBind Strips,27,,
GBC DocuBind P400 Electric Binding System,27,,
GBC DocuBind P100 Manual Binding Machine,27,,
Fellowes Super Stor/Drawer Files,27,,
Fellowes PB300 Plastic Comb Binding Machine,27,,
DMI Eclipse Executive Suite Bookcases,27,,
"Dixon Prang Watercolor Pencils, 10-Color Set with Brush",27,,
Digium D40 VoIP phone,27,,
Chromcraft Bull-Nose Wood Oval Conference Tables & Bases,27,,
Case Logic 2.4GHz Wireless Keyboard,27,,
"BOSTON Ranger #55 Pencil Sharpener, Black",27,,
Boston 1645 Deluxe Heavier-Duty Electric Pencil Sharpener,27,,
BlackBerry Q10,27,,
Binder Clips by OIC,27,,
BIC Liqua Brite Liner,27,,
"Avery 3 1/2"" Diskette Storage Pages, 10/Pack",27,,
"Atlantic Metals Mobile 4-Shelf Bookcases, Custom Colors",27,,
"Alliance Super-Size Bands, Assorted Sizes",27,,
Advantus Rolling Storage Box,27,,
Advantus Push Pins,27,,
24-Hour Round Wall Clock,27,,
Xerox 1991,26,,
Xerox 1968,26,,
Xerox 1928,26,,
Xerox 1900,26,,
"Wirebound Message Books, Four 2 3/4 x 5 Forms per Page, 200 Sets per Book",26,,
Wilson Jones Standard D-Ring Binders,26,,
Tuf-Vin Binders,26,,
Things To Do Today Pad,26,,
"Tenex ""The Solids"" Textured Chair Mats",26,,
Southworth 25% Cotton Antique Laid Paper & Envelopes,26,,
"Sanford Colorific Colored Pencils, 12/Box",26,,
"SAFCO PlanMaster Boards, 60w x 37-1/2d, White Melamine",26,,
"Safco Chair Connectors, 6/Carton",26,,
Razer Tiamat Over Ear 7.1 Surround Sound PC Gaming Headset,26,,
"Peel & Seel Recycled Catalog Envelopes, Brown",26,,
Newell 351,26,,
Newell 345,26,,
netTALK DUO VoIP Telephone Service,26,,
Memorex Micro Travel Drive 8 GB,26,,
"Memorex 25GB 6X Branded Blu-Ray Recordable Disc, 15/Pack",26,,
"Maxell 74 Minute CDR, 10/Pack",26,,
Macally Suction Cup Mount,26,,
Hon 5100 Series Wood Tables,26,,
"Holmes Replacement Filter for HEPA Air Cleaner, Very Large Room, HEPA Filter",26,,
"Global Leather and Oak Executive Chair, Black",26,,
GBC Wire Binding Combs,26,,
GBC Recycled Regency Composition Covers,26,,
Fluorescent Highlighters by Dixon,26,,
Fellowes Staxonsteel Drawer Files,26,,
Fellowes High-Stak Drawer Files,26,,
Fellowes Bases and Tops For Staxonsteel/High-Stak Systems,26,,
"DXL Angle-View Binders with Locking Rings, Black",26,,
"Deflect-o RollaMat Studded, Beveled Mat for Medium Pile Carpeting",26,,
Deflect-o Glass Clear Studded Chair Mats,26,,
DAX Cubicle Frames - 8x10,26,,
Compact Automatic Electric Letter Opener,26,,
Cisco Unified IP Phone 7945G VoIP phone,26,,
Cisco SPA525G2 IP Phone - Wireless,26,,
Cisco 8x8 Inc. 6753i IP Business Phone System,26,,
"Carina Mini System Audio Rack, Model AR050B",26,,
BPI Conference Tables,26,,
Belkin Premiere Surge Master II 8-outlet surge protector,26,,
Avery Hanging File Binders,26,,
Avery Binding System Hidden Tab Executive Style Index Sets,26,,
"Atlantic Metals Mobile 5-Shelf Bookcases, Custom Colors",26,,
Anker Ultra-Slim Mini Bluetooth 3.0 Wireless Keyboard,26,,
"Acme 10"" Easy Grip Assistive Scissors",26,,
Aastra 57i VoIP phone,26,,
3M Organizer Strips,26,,
3-ring staple pack,26,,
Xerox 220,25,,
Xerox 217,25,,
Xerox 212,25,,
Xerox 2,25,,
Xerox 1947,25,,
Xerox 1917,25,,
Weyerhaeuser First Choice Laser/Copy Paper (20Lb. and 88 Bright),25,,
VTech DS6151,25,,
"TRENDnet 56K USB 2.0 Phone, Internet and Fax Modem",25,,
Tops Wirebound Message Log Books,25,,
"TOPS Carbonless Receipt Book, Four 2-3/4 x 7-1/4 Money Receipts per Page",25,,
"Tennsco Snap-Together Open Shelving Units, Starter Sets and Add-On Units",25,,
Tenex Antistatic Computer Chair Mats,25,,
"Tenex 46"" x 60"" Computer Anti-Static Chairmat, Rectangular Shaped",25,,
SanDisk Ultra 64 GB MicroSDHC Class 10 Memory Card,25,,
"Riverside Furniture Oval Coffee Table, Oval End Table, End Table with Drawer",25,,
Plantronics Voyager Pro HD - Bluetooth Headset,25,,
PayAnywhere Card Reader,25,,
Panasonic KX-TG9541B DECT 6.0 Digital 2-Line Expandable Cordless Phone With Digital Answering System,25,,
Panasonic KX TS3282W Corded phone,25,,
Novimex Swivel Fabric Task Chair,25,,
Newell 34,25,,
Newell 315,25,,
Newell 310,25,,
Logitech K350 2.4Ghz Wireless Keyboard,25,,
Logitech G700s Rechargeable Gaming Mouse,25,,
"Logitech B530 USB Headset - headset - Full size, Binaural",25,,
"It's Hot Message Books with Stickers, 2 3/4"" x 5""",25,,
Insertable Tab Post Binder Dividers,25,,
Imation Clip USB flash drive - 8 GB,25,,
Imation 8gb Micro Traveldrive Usb 2.0 Flash Drive,25,,
"Global Geo Office Task Chair, Gray",25,,
Fellowes 8 Outlet Superior Workstation Surge Protector w/o Phone/Fax/Modem Protection,25,,
"Eldon Base for stackable storage shelf, platinum",25,,
"Eldon 200 Class Desk Accessories, Burgundy",25,,
"DAX Two-Tone Rosewood/Black Document Frame, Desktop, 5 x 7",25,,
Cardinal Holdit Business Card Pockets,25,,
Canon PC-428 Personal Copier,25,,
Boston KS Multi-Size Manual Pencil Sharpener,25,,
Boston Heavy-Duty Trimline Electric Pencil Sharpeners,25,,
"Avery Triangle Shaped Sheet Lifters, Black, 2/Pack",25,,
Avery 487,25,,
"Ampad Gold Fibre Wirebound Steno Books, 6"" x 9"", Gregg Ruled",25,,
Advantus Map Pennant Flags and Round Head Tacks,25,,
Xerox 21,24,,
Xerox 205,24,,
Xerox 203,24,,
Xerox 1993,24,,
Xerox 1933,24,,
Xerox 1930,24,,
Xerox 1903,24,,
Xerox 1888,24,,
Woodgrain Magazine Files by Perma,24,,
Wireless Extenders zBoost YX545 SOHO Signal Booster,24,,
"White Dual Perf Computer Printout Paper, 2700 Sheets, 1 Part, Heavyweight, 20 lbs., 14 7/8 x 11",24,,
Universal Premium White Copier/Laser Paper (20Lb. and 87 Bright),24,,
"Tyvek  Top-Opening Peel & Seel Envelopes, Plain White",24,,
"Tenex Traditional Chairmats for Medium Pile Carpet, Standard Lip, 36"" x 48""",24,,
"Tenex File Box, Personal Filing Tote with Lid, Black",24,,
Stanley Contemporary Battery Pencil Sharpeners,24,,
"Sortfiler Multipurpose Personal File Organizer, Black",24,,
Sanford Liquid Accent Highlighters,24,,
Samsung Rugby III,24,,
"SAFCO Commercial Wire Shelving, 72h",24,,
"Rubbermaid ClusterMat Chairmats, Mat Size- 66"" x 60"", Lip 20"" x 11"" -90 Degree Angle",24,,
"Rogers Jumbo File, Granite",24,,
"Riverside Palais Royal Lawyers Bookcase, Royale Cherry Finish",24,,
Prismacolor Color Pencil Set,24,,
Premier Electric Letter Opener,24,,
Prang Dustless Chalk Sticks,24,,
Plantronics Savi W720 Multi-Device Wireless Headset System,24,,
Plantronics HL10 Handset Lifter,24,,
Pizazz Global Quick File,24,,
Newell 348,24,,
Newell 343,24,,
Newell 332,24,,
Newell 314,24,,
Newell 31,24,,
Mophie Juice Pack Helium for iPhone,24,,
Model L Table or Wall-Mount Pencil Sharpener,24,,
"Maxell Pro 80 Minute CD-R, 10/Pack",24,,
"Maxell 74 Minute CD-R Spindle, 50/Pack",24,,
Imation Secure Drive + Hardware Encrypted USB flash drive - 16 GB,24,,
"iKross Bluetooth Portable Keyboard + Cell Phone Stand Holder + Brush for Apple iPhone 5S 5C 5, 4S 4",24,,
Ibico Recycled Linen-Style Covers,24,,
"Howard Miller 11-1/2"" Diameter Ridgewood Wall Clock",24,,
Hon 4700 Series Mobuis Mid-Back Task Chairs with Adjustable Arms,24,,
Hon 2090 “Pillow Soft” Series Mid Back Swivel/Tilt Chairs,24,,
Harbour Creations 67200 Series Stacking Chairs,24,,
Grandstream GXP1160 VoIP phone,24,,
Global Commerce Series Low-Back Swivel/Tilt Chairs,24,,
"Floodlight Indoor Halogen Bulbs, 1 Bulb per Pack, 60 Watts",24,,
First Data FD10 PIN Pad,24,,
"Fellowes Personal Hanging Folder Files, Navy",24,,
Fellowes Bankers Box Recycled Super Stor/Drawer,24,,
Euro-Pro Shark Turbo Vacuum,24,,
Enermax Briskie RF Wireless Keyboard and Mouse Combo,24,,
"Elite 5"" Scissors",24,,
Eldon Gobal File Keepers,24,,
Eldon Fold 'N Roll Cart System,24,,
DAX Black Cherry Wood-Tone Poster Frame,24,,
Computer Printout Paper with Letter-Trim Perforations,24,,
Bevis Steel Folding Chairs,24,,
"Bevis Round Bullnose 29"" High Table Top",24,,
Avery Hidden Tab Dividers for Binding Systems,24,,
Avery Hi-Liter Smear-Safe Highlighters,24,,
Avery Fluorescent Highlighter Four-Color Set,24,,
Avery 49,24,,
Avery 486,24,,
Avery 480,24,,
Avery 473,24,,
Avanti 4.4 Cu. Ft. Refrigerator,24,,
Avanti 1.7 Cu. Ft. Refrigerator,24,,
Apple iPhone 5,24,,
"Advantus Push Pins, Aluminum Head",24,,
"Adams Telephone Message Book W/Dividers/Space For Phone Numbers, 5 1/4""X8 1/2"", 300/Messages",24,,
"Adams ""While You Were Out"" Message Pads",24,,
"Acco Pressboard Covers with Storage Hooks, 14 7/8"" x 11"", Dark Blue",24,,
Xerox 23,23,,
Xerox 1905,23,,
"Wilson Jones Hanging View Binder, White, 1""",23,,
Wilson Jones 14 Line Acrylic Coated Pressboard Data Binders,23,,
Tuff Stuff Recycled Round Ring Binders,23,,
Tenex B1-RE Series Chair Mats for Low Pile Carpets,23,,
"Stur-D-Stor Shelving, Vertical 5-Shelf: 72""H x 36""W x 18 1/2""D",23,,
Stackable Trays,23,,
Self-Adhesive Address Labels for Typewriters by Universal,23,,
Security-Tint Envelopes,23,,
Plastic Binding Combs,23,,
Plantronics S12 Corded Telephone Headset System,23,,
Panasonic Kx-TS550,23,,
"Office Impressions End Table, 20-1/2""H x 24""W x 20""D",23,,
Newell 341,23,,
Newell 326,23,,
Newell 324,23,,
Newell 320,23,,
Newell 318,23,,
"Metal Folding Chairs, Beige, 4/Carton",23,,
Luxo Professional Fluorescent Magnifier Lamp with Clamp-Mount Base,23,,
Logitech MX Performance Wireless Mouse,23,,
Imation 30456 USB Flash Drive 8GB,23,,
Ibico EB-19 Dual Function Manual Binding System,23,,
Honeywell Quietcare HEPA Air Cleaner,23,,
Hon Mobius Operator's Chair,23,,
Google Nexus 5,23,,
"Global Manager's Adjustable Task Chair, Storm",23,,
GBC Plasticlear Binding Covers,23,,
GBC DocuBind TL200 Manual Binding Machine,23,,
GBC DocuBind 300 Electric Binding Machine,23,,
"Eldon Expressions Wood and Plastic Desk Accessories, Cherry Wood",23,,
DAX Natural Wood-Tone Poster Frame,23,,
"DAX Charcoal/Nickel-Tone Document Frame, 5 x 7",23,,
Boston 16801 Nautilus Battery Pencil Sharpener,23,,
BIC Brite Liner Highlighters,23,,
Avery 494,23,,
Advantus Panel Wall Certificate Holder - 8.5x11,23,,
Acme Softgrip Scissors,23,,
"Acco PRESSTEX Data Binder with Storage Hooks, Dark Blue, 9 1/2"" X 11""",23,,
Acco Hot Clips Clips to Go,23,,
XtraLife ClearVue Slant-D Ring Binders by Cardinal,22,,
Xerox 227,22,,
Xerox 222,22,,
Xerox 1995,22,,
Xerox 1970,22,,
Xerox 1939,22,,
Xerox 192,22,,
"Wirebound Four 2-3/4 x 5 Forms per Page, 400 Sets per Book",22,,
Wilson Jones Heavy-Duty Casebound Ring Binders with Metal Hinges,22,,
Wilson Jones Custom Binder Spines & Labels,22,,
Wilson Jones “Snap” Scratch Pad Binder Tool for Ring Binders,22,,
"White Envelopes, White Envelopes with Clear Poly Window",22,,
Tripp Lite TLP810NET Broadband Surge for Modem/Fax,22,,
"Tennsco Lockers, Sand",22,,
"Tennsco Lockers, Gray",22,,
"Tenex Personal Filing Tote With Secure Closure Lid, Black/Frost",22,,
"Square Ring Data Binders, Rigid 75 Pt. Covers, 11"" x 14-7/8""",22,,
Square Credit Card Reader,22,,
SpineVue Locking Slant-D Ring Binders by Cardinal,22,,
Rogers Deluxe File Chest,22,,
Polycom SoundPoint IP 450 VoIP phone,22,,
Panasonic KX-TG6844B Expandable Digital Cordless Telephone,22,,
Panasonic KP-380BK Classic Electric Pencil Sharpener,22,,
O'Sullivan Plantations 2-Door Library in Landvery Oak,22,,
O'Sullivan 3-Shelf Heavy-Duty Bookcases,22,,
Nu-Dell Float Frame 11 x 14 1/2,22,,
Novimex Turbo Task Chair,22,,
Newell 321,22,,
NETGEAR N750 Dual Band Wi-Fi Gigabit Router,22,,
"Neat Ideas Personal Hanging Folder Files, Black",22,,
Martin Yale Chadless Opener Electric Letter Opener,22,,
Logitech VX Revolution Cordless Laser Mouse for Notebooks (Black),22,,
Large Capacity Hanging Post Binders,22,,
Kingston Digital DataTraveler 32GB USB 2.0,22,,
Jabra Supreme Plus Driver Edition Headset,22,,
Hon Racetrack Conference Tables,22,,
"Hon Practical Foundations 30 x 60 Training Table, Light Gray/Charcoal",22,,
Hon Pagoda Stacking Chairs,22,,
Hon Olson Stacker Chairs,22,,
Hon 61000 Series Interactive Training Tables,22,,
Hon 4-Shelf Metal Bookcases,22,,
GBC ProClick 150 Presentation Binding System,22,,
"Executive Impressions 10"" Spectator Wall Clock",22,,
"Eureka Sanitaire  Multi-Pro Heavy-Duty Upright, Disposable Bags",22,,
"Eldon 400 Class Desk Accessories, Black Carbon",22,,
"Eldon 200 Class Desk Accessories, Smoke",22,,
Eldon 200 Class Desk Accessories,22,,
"Computer Room Manger, 14""",22,,
"Chromcraft 48"" x 96"" Racetrack Double Pedestal Table",22,,
"Carina 42""Hx23 3/4""W Media Storage Unit",22,,
"Blue String-Tie & Button Interoffice Envelopes, 10 x 13",22,,
"Binney & Smith inkTank Desk Highlighter, Chisel Tip, Yellow, 12/Box",22,,
Belkin F5C206VTEL 6 Outlet Surge,22,,
"Avery Trapezoid Ring Binder, 3"" Capacity, Black, 1040 sheets",22,,
Avery 513,22,,
Avery 501,22,,
Anker 36W 4-Port USB Wall Charger Travel Power Adapter for iPhone 5s 5c 5,22,,
Aluminum Document Frame,22,,
Acme Value Line Scissors,22,,
Acme Tagit Stainless Steel Antibacterial Scissors,22,,
Xerox 230,21,,
Xerox 1959,21,,
Xerox 1935,21,,
Wilson Jones Active Use Binders,21,,
Trimflex Flexible Post Binders,21,,
Tennsco Commercial Shelving,21,,
Staple-on labels,21,,
ShoreTel ShorePhone IP 230 VoIP phone,21,,
Samsung Replacement EH64AVFWE Premium Headset,21,,
Regeneration Desk Collection,21,,
"Rediform S.O.S. 1-Up Phone Message Bk, 4-1/4x3-1/16 Bk, 1 Form/Pg, 40 Messages/Bk, 3/Pk",21,,
Recycled Steel Personal File for Hanging File Folders,21,,
Prestige Round Ring Binders,21,,
Office Star Flex Back Scooter Chair with White Frame,21,,
O'Sullivan Living Dimensions 5-Shelf Bookcases,21,,
O'Sullivan 2-Shelf Heavy-Duty Bookcases,21,,
Newell Chalk Holder,21,,
Motorola Droid Maxx,21,,
Mobile Personal File Cube,21,,
Maxell 4.7GB DVD-R 5/Pack,21,,
Logitech Wireless Performance Mouse MX for PC and Mac,21,,
Logitech Wireless Gaming Headset G930,21,,
Logitech G600 MMO Gaming Mouse,21,,
Logitech G500s Laser Gaming Mouse with Adjustable Weight Tuning,21,,
"Linden 10"" Round Wall Clock, Black",21,,
Kensington 7 Outlet MasterPiece Power Center,21,,
Kensington 7 Outlet MasterPiece HOMEOFFICE Power Control Center,21,,
Hypercom P1300 Pinpad,21,,
Howard Miller Distant Time Traveler Alarm Clock,21,,
Hon 4070 Series Pagoda Round Back Stacking Chairs,21,,
Hewlett Packard 610 Color Digital Copier / Printer,21,,
Global Low Back Tilter Chair,21,,
Global Leather Executive Chair,21,,
"Fellowes Premier Superior Surge Suppressor, 10-Outlet, With Phone and Remote",21,,
Executive Impressions Supervisor Wall Clock,21,,
Enermax Aurora Lite Keyboard,21,,
"Eldon Regeneration Recycled Desk Accessories, Smoke",21,,
"Eaton Premium Continuous-Feed Paper, 25% Cotton, Letter Size, White, 1000 Shts/Box",21,,
"DataProducts Ampli Magnifier Task Lamp, Black,",21,,
"Contract Clock, 14"", Brown",21,,
Coloredge Poster Frame,21,,
Cisco SPA 502G IP Phone,21,,
"C-Line Peel & Stick Add-On Filing Pockets, 8-3/4 x 5-1/8, 10/Pack",21,,
Bretford CR8500 Series Meeting Room Furniture,21,,
Blue Parrot B250XT Professional Grade Wireless Bluetooth Headset with,21,,
"BIC Brite Liner Highlighters, Chisel Tip",21,,
Belkin Standard 104 key USB Keyboard,21,,
"Belkin SportFit Armband For iPhone 5s/5c, Fuchsia",21,,
Belkin F8E887 USB Wired Ergonomic Keyboard,21,,
Bagged Rubber Bands,21,,
Avoid Verbal Orders Carbonless Minifold Book,21,,
Avery Premier Heavy-Duty Binder with Round Locking Rings,21,,
Assorted Color Push Pins,21,,
American Pencil,21,,
Acme Office Executive Series Stainless Steel Trimmers,21,,
ACCOHIDE Binder by Acco,21,,
Acco Perma 3000 Stacking Storage Drawers,21,,
36X48 HARDFLOOR CHAIRMAT,21,,
"#10- 4 1/8"" x 9 1/2"" Security-Tint Envelopes",21,,
Zebra Zazzle Fluorescent Highlighters,20,,
Xerox 1977,20,,
Xerox 1952,20,,
Xerox 1934,20,,
Xerox 1916,20,,
Xerox 1885,20,,
Xerox 188,20,,
"Universal Recycled Hanging Pressboard Report Binders, Letter Size",20,,
Tenex Chairmats For Use with Hard Floors,20,,
"Super Bands, 12/Pack",20,,
Southworth 25% Cotton Linen-Finish Paper & Envelopes,20,,
Smead Alpha-Z Color-Coded Name Labels First Letter Starter Set,20,,
"Seth Thomas 13 1/2"" Wall Clock",20,,
SanDisk Cruzer 32 GB USB Flash Drive,20,,
Recycled Steel Personal File for Standard File Folders,20,,
Recycled Eldon Regeneration Jumbo File,20,,
"Recycled Data-Pak for Archival Bound Computer Printouts, 12-1/2 x 12-1/2 x 16",20,,
Office Star Flex Back Scooter Chair with Aluminum Finish Frame,20,,
Office Star - Mesh Screen back chair with Vinyl seat,20,,
Office Star - Contemporary Task Swivel Chair,20,,
Office Impressions Heavy Duty Welded Shelving & Multimedia Storage Drawers,20,,
Nokia Lumia 521 (T-Mobile),20,,
Newell 350,20,,
Newell 309,20,,
Newell 3-Hole Punched Plastic Slotted Magazine Holders for Binders,20,,
Memorex Mini Travel Drive 8 GB USB 2.0 Flash Drive,20,,
Martin-Yale Premier Letter Opener,20,,
Logitech Illuminated - Keyboard,20,,
"Lesro Round Back Collection Coffee Table, End Table",20,,
Laser & Ink Jet Business Envelopes,20,,
Kensington K72356US Mouse-in-a-Box USB Desktop Mouse,20,,
Kensington Expert Mouse Optical USB Trackball for PC or Mac,20,,
Kensington 6 Outlet Guardian Standard Surge Protector,20,,
Ibico Covers for Plastic or Wire Binding Elements,20,,
Hunt Boston Vacuum Mount KS Pencil Sharpener,20,,
HP Standard 104 key PS/2 Keyboard,20,,
Hon Rectangular Conference Tables,20,,
"Gould Plastics 9-Pocket Panel Bin, 18-3/8w x 5-1/4d x 20-1/2h, Black",20,,
"GE General Purpose, Extra Long Life, Showcase & Floodlight Incandescent Bulbs",20,,
GBC VeloBinder Strips,20,,
GBC Recycled Grain Textured Covers,20,,
Fellowes 8 Outlet Superior Workstation Surge Protector,20,,
"Executive Impressions 13"" Clairmont Wall Clock",20,,
"Eureka The Boss Plus 12-Amp Hard Box Upright Vacuum, Red",20,,
Eldon Radial Chair Mat for Low to Medium Pile Carpets,20,,
"Eldon Expressions Punched Metal & Wood Desk Accessories, Black & Cherry",20,,
"Eldon Expressions Desk Accessory, Wood Photo Frame, Mahogany",20,,
Eldon Cleatmat Plus Chair Mats for High Pile Carpets,20,,
Economy Rollaway Files,20,,
"Eberhard Faber 3 1/2"" Golf Pencils",20,,
DIXON Ticonderoga Erasable Checking Pencils,20,,
Carina Media Storage Towers in Natural & Black,20,,
Canon imageCLASS 2200 Advanced Copier,20,,
"Boston Electric Pencil Sharpener, Model 1818, Charcoal Black",20,,
"Binney & Smith Crayola Metallic Colored Pencils, 8-Color Set",20,,
"Bevis Round Conference Table Top, X-Base",20,,
Bevis 44 x 96 Conference Tables,20,,
Avery White Multi-Purpose Labels,20,,
Avery 511,20,,
Avery 50,20,,
Avery 492,20,,
Avery 477,20,,
APC 7 Outlet Network SurgeArrest Surge Protector,20,,
"Ampad Phone Message Book, Recycled, 400 Message Capacity, 5 ¾” x 11”",20,,
Advantus Panel Wall Acrylic Frame,20,,
Advantus Motivational Note Cards,20,,
Xerox 232,19,,
Xerox 211,19,,
Xerox 201,19,,
Xerox 1941,19,,
Xerox 1914,19,,
Xerox 189,19,,
Wi-Ex zBoost YX540 Cellular Phone Signal Booster,19,,
"Tenex Chairmat w/ Average Lip, 45"" x 53""",19,,
Stanley Bostitch Contemporary Electric Pencil Sharpeners,19,,
Stacking Trays by OIC,19,,
"Speediset Carbonless Redi-Letter 7"" x 8 1/2""",19,,
"Seth Thomas 16"" Steel Case Clock",19,,
"Sauder Camden County Collection Libraries, Planked Cherry Finish",19,,
"RSVP Cards & Envelopes, Blank White, 8-1/2"" X 11"", 24 Cards/25 Envelopes/Set",19,,
RCA Visys Integrated PBX 8-Line Router,19,,
Portable Personal File Box,19,,
Polycom SoundPoint Pro SE-225 Corded phone,19,,
Office Star - Ergonomically Designed Knee Chair,19,,
Multicolor Computer Printout Paper,19,,
Motorola L804,19,,
Microsoft Natural Ergonomic Keyboard 4000,19,,
"Message Book, Phone, Wirebound Standard Line Memo, 2 3/4"" X 5""",19,,
Magna Visual Magnetic Picture Hangers,19,,
Lumber Crayons,19,,
Logitech ClearChat Comfort/USB Headset H390,19,,
"Leather Task Chair, Black",19,,
Jet-Pak Recycled Peel 'N' Seal Padded Mailers,19,,
Innergie mMini Combo Duo USB Travel Charging Kit,19,,
HTC One Mini,19,,
HP Office Recycled Paper (20Lb. and 87 Bright),19,,
"Hon Metal Bookcases, Putty",19,,
"Green Canvas Binder for 8-1/2"" x 14"" Sheets",19,,
"Global Leather Task Chair, Black",19,,
"Global Deluxe Stacking Chair, Gray",19,,
GBC Instant Index System for Binding Systems,19,,
Fellowes Mighty 8 Compact Surge Protector,19,,
Eureka The Boss Cordless Rechargeable Stick Vac,19,,
"Eureka Recycled Copy Paper 8 1/2"" x 11"", Ream",19,,
Eldon Pizzaz Desk Accessories,19,,
"Eldon ""L"" Workstation Diamond Chairmat",19,,
Economy Binders,19,,
DIXON Oriole Pencils,19,,
"Dixon My First Ticonderoga Pencil, #2",19,,
ClearSounds CSC500 Amplified Spirit Phone Corded phone,19,,
Canon PC1060 Personal Laser Copier,19,,
"Bush Cubix Conference Tables, Fully Assembled",19,,
Bush Advantage Collection Round Conference Table,19,,
Brother DCP1000 Digital 3 in 1 Multifunction Machine,19,,
Blackstonian Pencils,19,,
"Black Print Carbonless Snap-Off Rapid Letter, 8 1/2"" x 7""",19,,
Bevis Round Conference Table Top & Single Column Base,19,,
Barrel Sharpener,19,,
Balt Solid Wood Round Tables,19,,
"Avery Framed View Binder, EZD Ring (Locking), Navy, 1 1/2""",19,,
Avery Durable Slant Ring Binders,19,,
Avery 52,19,,
Avery 508,19,,
Avery 483,19,,
Airmail Envelopes,19,,
"Acco Clips to Go Binder Clips, 24 Clips in Two Sizes",19,,
"6"" Cubicle Wall Clock, Black",19,,
"24 Capacity Maxi Data Binder Racks, Pearl",19,,
Xerox 213,18,,
Xerox 210,18,,
Xerox 197,18,,
Xerox 196,18,,
Xerox 1954,18,,
Xerox 1927,18,,
Xerox 1925,18,,
Xerox 1880,18,,
Wilson Jones International Size A4 Ring Binders,18,,
Tennsco Regal Shelving Units,18,,
Sony Micro Vault Click 4 GB USB 2.0 Flash Drive,18,,
"Sanyo Counter Height Refrigerator with Crisper, 3.6 Cubic Foot, Stainless Steel/Black",18,,
Plymouth Boxed Rubber Bands by Plymouth,18,,
Plantronics Encore H101 Dual Earpieces Headset,18,,
Plantronics Audio 995 Wireless Stereo Headset,18,,
Permanent Self-Adhesive File Folder Labels for Typewriters by Universal,18,,
Peel & Seel Envelopes,18,,
OtterBox Commuter Series Case - Samsung Galaxy S4,18,,
Ooma Telo VoIP Home Phone System,18,,
"O'Sullivan Elevations Bookcase, Cherry Finish",18,,
Nu-Dell Leatherette Frames,18,,
Newell 344,18,,
Newell 336,18,,
Newell 327,18,,
Newell 322,18,,
NETGEAR AC1750 Dual Band Gigabit Smart WiFi Router,18,,
Micro Innovations USB RF Wireless Keyboard with Mouse,18,,
"Message Book, Wirebound, Four 5 1/2"" X 4"" Forms/Pg., 200 Dupl. Sets/Book",18,,
Maxell DVD-RAM Discs,18,,
Luxo Adjustable Task Clamp Lamp,18,,
LG Electronics Tone+ HBS-730 Bluetooth Headset,18,,
Lexmark MX611dhe Monochrome Laser Printer,18,,
Laminate Occasional Tables,18,,
KeyTronic E03601U1 - Keyboard - Beige,18,,
JM Magazine Binder,18,,
Jawbone MINI JAMBOX Wireless Bluetooth Speaker,18,,
Jackery Bar Premium Fast-charging Portable Charger,18,,
Imation 32GB Pocket Pro USB 3.0 Flash Drive - 32 GB - Black - 1 P ...,18,,
"Hoover Replacement Belts For Soft Guard & Commercial Ltweight Upright Vacs, 2/Pk",18,,
Hoover Portapower Portable Vacuum,18,,
Hoover Commercial Soft Guard Upright Vacuum And Disposable Filtration Bags,18,,
Hon Comfortask Task/Swivel Chairs,18,,
Hon 2111 Invitation Series Straight Table,18,,
Hon 2111 Invitation Series Corner Table,18,,
"Holmes Replacement Filter for HEPA Air Cleaner, Medium Room",18,,
Global Executive Mid-Back Manager's Chair,18,,
GBC Poly Designer Binding Covers,18,,
GBC Linen Binding Covers,18,,
Fellowes Super Stor/Drawer,18,,
"Eldon Spacemaker Box, Quick-Snap Lid, Clear",18,,
"Eldon Image Series Desk Accessories, Ebony",18,,
Eldon ClusterMat Chair Mat with Cordless Antistatic Protection,18,,
Eldon 100 Class Desk Accessories,18,,
"Deflect-o SuperTray Unbreakable Stackable Tray, Letter, Black",18,,
Deflect-o DuraMat Antistatic Studded Beveled Mat for Medium Pile Carpeting,18,,
"DAX Copper Panel Document Frame, 5 x 7 Size",18,,
Crate-A-Files,18,,
Convenience Packs of Business Envelopes,18,,
Contemporary Wood/Metal Frame,18,,
"Chromcraft Bull-Nose Wood Round Conference Table Top, Wood Base",18,,
"Bush Westfield Collection Bookcases, Fully Assembled",18,,
Bose SoundLink Bluetooth Speaker,18,,
Avery 519,18,,
Avery 478,18,,
Avery 475,18,,
AT&T 1080 Corded phone,18,,
Ames Color-File Green Diamond Border X-ray Mailers,18,,
"Advantus 10-Drawer Portable Organizer, Chrome Metal Frame, Smoke Drawers",18,,
Adtran 1202752G1,18,,
Adjustable Personal File Tote,18,,
3.6 Cubic Foot Counter Height Office Refrigerator,18,,
Xerox 224,17,,
Xerox 204,17,,
Xerox 1999,17,,
Xerox 1963,17,,
Xerox 1957,17,,
Xerox 1913,17,,
"Wirebound Message Books, 2 7/8"" x 5"", 3 Forms per Page",17,,
Wilson SignalBoost 841262 DB PRO Amplifier Kit,17,,
Wilson Jones Four-Pocket Poly Binders,17,,
WD My Passport Ultra 1TB Portable External Hard Drive,17,,
"Tyvek  Top-Opening Peel & Seel  Envelopes, Gray",17,,
"TOPS ""Important Message"" Pads, Canary, 4-1/4 x 5-1/2, 50 Sheets per Pad",17,,
Tensor Track Tree Floor Lamp,17,,
"Telephone Message Books with Fax/Mobile Section, 5 1/2"" x 3 3/16""",17,,
Stiletto Hand Letter Openers,17,,
Sharp AL-1530CS Digital Copier,17,,
"Seth Thomas 14"" Day/Date Wall Clock",17,,
"Seth Thomas 12"" Clock w/ Goldtone Case",17,,
Sanyo 2.5 Cubic Foot Mid-Size Office Refrigerators,17,,
"Safco Value Mate Series Steel Bookcases, Baked Enamel Finish on Steel, Gray",17,,
"Rediform Wirebound ""Phone Memo"" Message Book, 11 x 5-3/4",17,,
Polycom CX600 IP Phone VoIP phone,17,,
"OIC #2 Pencils, Medium Soft",17,,
O'Sullivan Living Dimensions 3-Shelf Bookcases,17,,
Newell 331,17,,
Newell 32,17,,
"Memorex 25GB 6X Branded Blu-Ray Recordable Disc, 30/Pack",17,,
Maxell 4.7GB DVD+RW 3/Pack,17,,
Luxo Economy Swing Arm Lamp,17,,
Logitech Z-906 Speaker sys - home theater - 5.1-CH,17,,
Logitech Mobile Speakerphone P710e - speaker phone,17,,
Logitech G430 Surround Sound Gaming Headset with Dolby 7.1 Technology,17,,
Logitech G35 7.1-Channel Surround Sound Headset,17,,
JBL Micro Wireless Portable Bluetooth Speaker,17,,
Jabra BIZ 2300 Duo QD Duo Corded Headset,17,,
"Howard Miller 13-1/2"" Diameter Rosebrook Wall Clock",17,,
"Howard Miller 11-1/2"" Diameter Brentwood Wall Clock",17,,
Holmes 99% HEPA Air Purifier,17,,
Hanging Personal Folder File,17,,
Green Bar Computer Printout Paper,17,,
Global Deluxe Office Fabric Chairs,17,,
Global Comet Stacking Arm Chair,17,,
"GBC Laser Imprintable Binding System Covers, Desert Sand",17,,
Fellowes Powershred HS-440 4-Sheet High Security Shredder,17,,
"Executive Impressions 14"" Contract Wall Clock",17,,
"Executive Impressions 14""",17,,
Electrix Halogen Magnifier Lamp,17,,
"Eldon Stackable Tray, Side-Load, Legal, Smoke",17,,
"Eldon Imàge Series Desk Accessories, Clear",17,,
"Eldon Executive Woodline II Desk Accessories, Mahogany",17,,
"Eldon Delta Triangular Chair Mat, 52"" x 58"", Clear",17,,
Eldon 500 Class Desk Accessories,17,,
Deluxe Chalkboard Eraser Cleaner,17,,
Deflect-O Glasstique Clear Desk Accessories,17,,
"Deflect-o DuraMat Lighweight, Studded, Beveled Mat for Low Pile Carpeting",17,,
"DAX Executive Solid Wood Document Frame, Desktop or Hang, Mahogany, 5 x 7",17,,
"DAX Cubicle Frames, 8-1/2 x 11",17,,
Cush Cases Heavy Duty Rugged Cover Case for Samsung Galaxy S5 - Purple,17,,
"Companion Letter/Legal File, Black",17,,
"Commercial WindTunnel Clean Air Upright Vacuum, Replacement Belts, Filtration Bags",17,,
Cardinal Slant-D Ring Binders,17,,
Bretford “Just In Time” Height-Adjustable Multi-Task Work Tables,17,,
Boston 19500 Mighty Mite Electric Pencil Sharpener,17,,
BIC Brite Liner Grip Highlighters,17,,
Berol Giant Pencil Sharpener,17,,
Belkin F9S820V06 8 Outlet Surge,17,,
Avery Round Ring Poly Binders,17,,
"Avery Flip-Chart Easel Binder, Black",17,,
Avery 514,17,,
Avery 506,17,,
Avery 488,17,,
AT&T CL82213,17,,
Anker Ultrathin Bluetooth Wireless Keyboard Aluminum Cover with Stand ,17,,
"Acco PRESSTEX Data Binder with Storage Hooks, Light Blue, 9 1/2"" X 11""",17,,
Acco Hanging Data Binders,17,,
Xerox 199,16,,
Xerox 1987,16,,
Xerox 198,16,,
Xerox 1956,16,,
Xerox 1944,16,,
Xerox 1943,16,,
Xerox 1929,16,,
Xerox 1923,16,,
Xerox 1897,16,,
V7 USB Numeric Keypad,16,,
"Tyvek Interoffice Envelopes, 9 1/2"" x 12 1/2"", 100/Box",16,,
Tripp Lite Isotel 8 Ultra 8 Outlet Metal Surge,16,,
Strathmore Photo Frame Cards,16,,
Sterilite Show Offs Storage Containers,16,,
"Stacking Tray, Side-Loading, Legal, Smoke",16,,
Sony 16GB Class 10 Micro SDHC R40 Memory Card,16,,
Smead Alpha-Z Color-Coded Second Alphabetical Labels and Starter Set,16,,
Sauder Camden County Collection Library,16,,
Sauder Barrister Bookcases,16,,
Safco Industrial Wire Shelving,16,,
Rubber Band Ball,16,,
Pencil and Crayon Sharpener,16,,
Panasonic KP-4ABK Battery-Operated Pencil Sharpener,16,,
Panasonic KP-150 Electric Pencil Sharpener,16,,
OtterBox Commuter Series Case - iPhone 5 & 5s,16,,
Nu-Dell Oak Frame,16,,
Novimex High-Tech Fabric Mesh Task Chair,16,,
Logitech Media Keyboard K200,16,,
Letter or Legal Size Expandable Poly String Tie Envelopes,16,,
"Iris 3-Drawer Stacking Bin, Black",16,,
Imation Bio 8GB USB Flash Drive Imation Corp,16,,
Imation Bio 2GB USB Flash Drive Imation Corp,16,,
"IBM Multi-Purpose Copy Paper, 8 1/2 x 11"", Case",16,,
Hoover Shoulder Vac Commercial Portable Vacuum,16,,
Hewlett Packard 310 Color Digital Copier,16,,
Gear Head AU3700S Headset,16,,
G.E. Longer-Life Indoor Recessed Floodlight Bulbs,16,,
Fellowes Neat Ideas Storage Cubes,16,,
"Executive Impressions 14"" Two-Color Numerals Wall Clock",16,,
DAX Wood Document Frame.,16,,
"Contico 72""H Heavy-Duty Storage System",16,,
Colored Envelopes,16,,
Cisco 9971 IP Video Phone Charcoal,16,,
Cardinal Holdit Data Disk Pockets,16,,
Canon Imageclass D680 Copier / Fax,16,,
"Black Avery Memo-Size 3-Ring Binder, 5 1/2"" x 8 1/2""",16,,
Bionaire 99.97% HEPA Air Cleaner,16,,
Binder Posts,16,,
Belkin F9G930V10-GRY 9 Outlet Surge,16,,
Belkin 7 Outlet SurgeMaster II,16,,
"Belkin 19"" Center-Weighted Shelf, Gray",16,,
"Barricks 18"" x 48"" Non-Folding Utility Table with Bottom Storage Shelf",16,,
Avery Printable Repositionable Plastic Tabs,16,,
Avery Legal 4-Ring Binder,16,,
Avery 51,16,,
Avery 495,16,,
Avery 489,16,,
Advantus T-Pin Paper Clips,16,,
Acme Preferred Stainless Steel Scissors,16,,
Aastra 6757i CT Wireless VoIP phone,16,,
"3M Polarizing Task Lamp with Clamp Arm, Light Gray",16,,
2300 Heavy-Duty Transfer File Systems by Perma,16,,
Xerox 229,15,,
Xerox 228,15,,
Xerox 219,15,,
Xerox 200,15,,
Xerox 1992,15,,
Xerox 1967,15,,
Xerox 1948,15,,
Xerox 1920,15,,
Xerox 19,15,,
"Wirebound Message Books, Two 4 1/4"" x 5"" Forms per Page",15,,
Translucent Push Pins by OIC,15,,
"Tenex Personal Self-Stacking Standard File Box, Black/Gray",15,,
"Tenex Carpeted, Granite-Look or Clear Contemporary Contour Shape Chair Mats",15,,
"Telephone Message Books with Fax/Mobile Section, 4 1/4"" x 6""",15,,
Spiral Phone Message Books with Labels by Adams,15,,
Spigen Samsung Galaxy S5 Case Wallet,15,,
Southworth Parchment Paper & Envelopes,15,,
Southworth 100% Cotton The Best Paper,15,,
"Sauder Forest Hills Library, Woodland Oak Finish",15,,
"Sanford Colorific Eraseable Coloring Pencils, 12 Count",15,,
Samsung Galaxy S4 Mini,15,,
Sabrent 4-Port USB 2.0 Hub,15,,
"Rush Hierlooms Collection 1"" Thick Stackable Bookcases",15,,
Riverleaf Stik-Withit Designer Note Cubes,15,,
"Quartet Omega Colored Chalk, 12/Pack",15,,
Project Tote Personal File,15,,
Polycom VoiceStation 500 Conference phone,15,,
Polycom CX300 Desktop Phone USB VoIP phone,15,,
Plantronics MX500i Earset,15,,
Plantronics 81402,15,,
Motorla HX550 Universal Bluetooth Headset,15,,
Microsoft Wireless Mobile Mouse 4000,15,,
Micropad Numeric Keypads,15,,
Memorex Mini Travel Drive 64 GB USB 2.0 Flash Drive,15,,
Logitech Wireless Touch Keyboard K400,15,,
KeyTronic KT400U2 - Keyboard - Black,15,,
"Important Message Pads, 50 4-1/4 x 5-1/2 Forms per Pad",15,,
Hon Deluxe Fabric Upholstered Stacking Chairs,15,,
"GE General Use Halogen Bulbs, 100 Watts, 1 Bulb per Pack",15,,
GE DSL Phone Line Filter,15,,
GBC VeloBinder Electric Binding Machine,15,,
GBC DocuBind 200 Manual Binding Machine,15,,
"GBC Clear Cover, 8-1/2 x 11, unpunched, 25 covers per pack",15,,
Fellowes Desktop Hanging File Manager,15,,
Fellowes Command Center 5-outlet power strip,15,,
Fellowes Advanced Computer Series Surge Protectors,15,,
Fashion Color Clasp Envelopes,15,,
Embossed Ink Jet Note Cards,15,,
"Eldon Expressions Wood and Plastic Desk Accessories, Oak",15,,
Eldon Expressions Mahogany Wood Desk Collection,15,,
"Eldon Expressions Desk Accessory, Wood Pencil Holder, Oak",15,,
EcoTones Memo Sheets,15,,
"DAX Contemporary Wood Frame with Silver Metal Mat, Desktop, 11 x 14 Size",15,,
Dana Swing-Arm Lamps,15,,
Computer Printout Index Tabs,15,,
Colored Push Pins,15,,
Cisco SPA508G,15,,
Cisco IP Phone 7961G-GE VoIP phone,15,,
Cardinal Poly Pocket Divider Pockets for Ring Binders,15,,
Canon PC940 Copier,15,,
Brown Kraft Recycled Envelopes,15,,
BoxOffice By Design Rectangular and Half-Moon Meeting Room Tables,15,,
"Boston Model 1800 Electric Pencil Sharpener, Gray",15,,
Boston 1799 Powerhouse Electric Pencil Sharpener,15,,
Bevis Boat-Shaped Conference Table,15,,
Belkin F9M820V08 8 Outlet Surge,15,,
Belkin 8 Outlet SurgeMaster II Gold Surge Protector,15,,
"Avery Trapezoid Extra Heavy Duty 4"" Binders",15,,
Avery 520,15,,
Avery 516,15,,
Avery 503,15,,
Avery 48,15,,
AT&T TR1909W,15,,
"Array Parchment Paper, Assorted Colors",15,,
Apple iPhone 5C,15,,
"Alliance Big Bands Rubber Bands, 12/Pack",15,,
Advantus SlideClip Paper Clips,15,,
"Adams Telephone Message Books, 5 1/4” x 11”",15,,
Acco Side-Punched Conventional Columnar Pads,15,,
"Acco Banker's Clasps, 5 3/4""-Long",15,,
Acco 6 Outlet Guardian Standard Surge Suppressor,15,,
Zebra GX420t Direct Thermal/Thermal Transfer Printer,14,,
Xerox 231,14,,
Xerox 221,14,,
Xerox 2000,14,,
Xerox 1981,14,,
Xerox 1966,14,,
Xerox 1910,14,,
Xerox 1899,14,,
Xerox 1886,14,,
White GlueTop Scratch Pads,14,,
"Verbatim 25 GB 6x Blu-ray Single Layer Recordable Disc, 10/Pack",14,,
"Verbatim 25 GB 6x Blu-ray Single Layer Recordable Disc, 1/Pack",14,,
Tyvek Side-Opening Peel & Seel Expanding Envelopes,14,,
Tops White Computer Printout Paper,14,,
Sauder Inglewood Library Bookcases,14,,
Sauder Cornerstone Collection Library,14,,
"Sanford Uni-Blazer View Highlighters, Chisel Tip, Yellow",14,,
Sanford Pocket Accent Highlighters,14,,
"Sanford EarthWrite Recycled Pencils, Medium Soft, #2",14,,
Sanford 52201 APSCO Electric Pencil Sharpener,14,,
Samsung Galaxy Note 2,14,,
"Safco Value Mate Steel Bookcase, Baked Enamel Finish on Steel, Black",14,,
"SAFCO PlanMaster Heigh-Adjustable Drafting Table Base, 43w x 30d x 30-37h, Black",14,,
Ricoh - Ink Collector Unit for GX3000 Series Printers,14,,
Premier Automatic Letter Opener,14,,
PowerGen Dual USB Car Charger,14,,
Plantronics Calisto P620-M USB Wireless Speakerphone System,14,,
"Personal Folder Holder, Ebony",14,,
Newell 349,14,,
Newell 323,14,,
Mitel 5320 IP Phone VoIP phone,14,,
Memorex Mini Travel Drive 32 GB USB 2.0 Flash Drive,14,,
Memorex Froggy Flash Drive 4 GB,14,,
Logitech G13 Programmable Gameboard with LCD Display,14,,
Logitech G105 Gaming Keyboard,14,,
"Letter/Legal File Tote with Clear Snap-On Lid, Black Granite",14,,
Jawbone JAMBOX Wireless Bluetooth Speaker,14,,
iOttie XL Car Mount,14,,
Imation USB 2.0 Swivel Flash Drive USB flash drive - 4 GB - Pink,14,,
HTC One,14,,
HP Office Paper (20Lb. and 87 Bright),14,,
"Howard Miller 12"" Round Wall Clock",14,,
Howard Miller 12-3/4 Diameter Accuwave DS  Wall Clock,14,,
"Howard Miller 11-1/2"" Diameter Grantwood Wall Clock",14,,
Hoover Commercial SteamVac,14,,
Honeywell Enviracaire Portable HEPA Air Cleaner for 16' x 20' Room,14,,
Holmes HEPA Air Purifier,14,,
Global Comet Stacking Armless Chair,14,,
Global Adaptabilities Conference Tables,14,,
GBC Wire Binding Strips,14,,
"Fiskars 8"" Scissors, 2/Pack",14,,
Fellowes Presentation Covers for Comb Binding Machines,14,,
"Executive Impressions 12"" Wall Clock",14,,
Eldon Antistatic Chair Mats for Low to Medium Pile Carpets,14,,
"Dixon Ticonderoga Erasable Colored Pencil Set, 12-Color",14,,
Deluxe Rollaway Locking File with Drawer,14,,
"Deflect-o EconoMat Nonstudded, No Bevel Mat",14,,
Dax Clear Box Frame,14,,
"Dana Fluorescent Magnifying Lamp, White, 36""",14,,
Clarity 53712,14,,
"Bush Westfield Collection Bookcases, Dark Cherry Finish",14,,
Bady BDG101FRU Card Printer,14,,
Avery 496,14,,
ARKON Windshield Dashboard Air Vent Car Mount Holder,14,,
Angle-D Ring Binders,14,,
"Ampad Evidence Wirebond Steno Books, 6"" x 9""",14,,
AmazonBasics 3-Button USB Wired Mouse,14,,
"Adams Phone Message Book, Professional, 400 Message Capacity, 5 3/6” x 11”",14,,
Acco Smartsocket Color-Coded Six-Outlet AC Adapter Model Surge Protectors,14,,
50 Colored Long Pencils,14,,
3M Replacement Filter for Office Air Cleaner for 20' x 33' Room,14,,
3M Polarizing Light Filter Sleeves,14,,
"1.7 Cubic Foot Compact ""Cube"" Office Refrigerators",14,,
Xerox 22,13,,
Xerox 1994,13,,
Xerox 1986,13,,
Xerox 1946,13,,
Xerox 1942,13,,
Xerox 193,13,,
Xerox 1911,13,,
"Wirebound Service Call Books, 5 1/2"" x 4""",13,,
"While You Were Out Pads, 50 per Pad, 4 x 5 1/4, Green Cycle",13,,
UniKeep View Case Binders,13,,
"TOPS 4 x 6 Fluorescent Color Memo Sheets, 500 Sheets per Pack",13,,
Things To Do Today Spiral Book,13,,
Tennsco 16-Compartment Lockers with Coat Rack,13,,
Swingline SM12-08 MicroCut Jam Free Shredder,13,,
Super Decoflex Portable Personal File,13,,
StarTech.com 10/100 VDSL2 Ethernet Extender Kit,13,,
Sony Micro Vault Click 8 GB USB 2.0 Flash Drive,13,,
"SmartStand Mobile Device Holder, Assorted Colors",13,,
"Seth Thomas 14"" Putty-Colored Wall Clock",13,,
Samsung Galaxy S4,13,,
Samsung Galaxy Note 3,13,,
"Safco Wire Cube Shelving System, For Use as 4 or 5 14"" Cubes, Black",13,,
Safco Industrial Shelving,13,,
QVS USB Car Charger 2-Port 2.1Amp for iPod/iPhone/iPad/iPad 2/iPad 3,13,,
"Plantronics CS 50-USB - headset - Convertible, Monaural",13,,
OIC Thumb-Tacks,13,,
"OIC Binder Clips, Mini, 1/4"" Capacity, Black",13,,
Office Star - Ergonomic Mid Back Chair with 2-Way Adjustable Arms,13,,
Nortel Meridian M5316 Digital phone,13,,
Newell 328,13,,
Maxell 4.7GB DVD+R 5/Pack,13,,
"Manila Recycled Extra-Heavyweight Clasp Envelopes, 6"" x 9""",13,,
Luxo Professional Magnifying Clamp-On Fluorescent Lamps,13,,
Luxo Professional Combination Clamp-On Lamps,13,,
Lenovo 17-Key USB Numeric Keypad,13,,
KLD Oscar II Style Snap-on Ultra Thin Side Flip Synthetic Leather Cover Case for HTC One HTC M7,13,,
Kensington SlimBlade Notebook Wireless Mouse with Nano Receiver ,13,,
Jabra SPEAK 410 Multidevice Speakerphone,13,,
Insertable Tab Indexes For Data Binders,13,,
Imation 8GB Mini TravelDrive USB 2.0 Flash Drive,13,,
iHome FM Clock Radio with Lightning Dock,13,,
Ibico EPK-21 Electric Binding System,13,,
Hon Valutask Swivel Chairs,13,,
Hon 4060 Series Tables,13,,
Harmony Air Purifier,13,,
"Global Leather & Oak Executive Chair, Burgundy",13,,
GBC Standard Plastic Binding Systems Combs,13,,
Flexible Leather- Look Classic Collection Ring Binder,13,,
File Shuttle I and Handi-File,13,,
"Eureka The Boss Lite 10-Amp Upright Vacuum, Blue",13,,
Electrix 20W Halogen Replacement Bulb for Zoom-In Desk Lamp,13,,
"Eldon Expressions Punched Metal & Wood Desk Accessories, Pewter & Cherry",13,,
Eldon Advantage Chair Mats for Low to Medium Pile Carpets,13,,
Economy #2 Pencils,13,,
Dixon Ticonderoga Pencils,13,,
"Dixon Ticonderoga Core-Lock Colored Pencils, 48-Color Set",13,,
DAX Two-Tone Silver Metal Document Frame,13,,
DAX Solid Wood Frames,13,,
ClearOne CHATAttach 160 - speaker phone,13,,
"C-Line Cubicle Keepers Polyproplyene Holder w/Velcro Back, 8-1/2x11, 25/Bx",13,,
Bulldog Table or Wall-Mount Pencil Sharpener,13,,
Boston Home & Office Model 2000 Electric Pencil Sharpeners,13,,
Bevis Rectangular Conference Tables,13,,
"Belkin 325VA UPS Surge Protector, 6'",13,,
Avery 517,13,,
Avery 509,13,,
Avery 498,13,,
Avery 493,13,,
Avery 490,13,,
Avaya 5410 Digital phone,13,,
AT&T 1080 Phone,13,,
Anker Astro 15000mAh USB Portable Charger,13,,
Akro-Mils 12-Gallon Tote,13,,
Akro Stacking Bins,13,,
Acme Titanium Bonded Scissors,13,,
Acme Stainless Steel Office Snips,13,,
Acme Galleria Hot Forged Steel Scissors with Colored Handles,13,,
Acme Design Stainless Steel Bent Scissors,13,,
"#10-4 1/8"" x 9 1/2"" Premium Diagonal Seam Envelopes",13,,
Xerox 1982,12,,
Xerox 1975,12,,
Xerox 1953,12,,
Xerox 1940,12,,
Xerox 1937,12,,
Xerox 1924,12,,
Xerox 1882,12,,
"Wirebound Message Books, 5-1/2 x 4 Forms, 2 or 4 Forms per Page",12,,
Wilson Jones data.warehouse D-Ring Binders with DublLock,12,,
WD My Passport Ultra 500GB Portable External Hard Drive,12,,
"Verbatim 25 GB 6x Blu-ray Single Layer Recordable Disc, 25/Pack",12,,
"TOPS Voice Message Log Book, Flash Format",12,,
Texas Instruments TI-34 Scientific Calculator,12,,
"Strathmore #10 Envelopes, Ultimate White",12,,
Sony 32GB Class 10 Micro SDHC R40 Memory Card,12,,
Smead Adjustable Mobile File Trolley with Lockable Top,12,,
SAFCO Optional Arm Kit for Workspace Cribbage Stacking Chair,12,,
Safco Drafting Table,12,,
"Recycled Interoffice Envelopes with String and Button Closure, 10 x 13",12,,
Polycom SoundStation2 EX Conference phone,12,,
Personal File Boxes with Fold-Down Carry Handle,12,,
"Perixx PERIBOARD-512B, Ergonomic Split Keyboard",12,,
Okidata C331dn Printer,12,,
O'Sullivan Manor Hill 2-Door Library in Brianna Oak,12,,
Newell 335,12,,
Newell 307,12,,
"Mini 13-1/2 Capacity Data Binder Rack, Pearl",12,,
Memorex Micro Travel Drive 32 GB,12,,
"Memo Book, 100 Message Capacity, 5 3/8” x 11”",12,,
"Master Giant Foot Doorstop, Safety Yellow",12,,
Magnifier Swing Arm Lamp,12,,
Logitech Keyboard K120,12,,
LG Exalt,12,,
Jensen SMPS-640 - speaker phone,12,,
iOttie HLCRIO102 Car Mount,12,,
"HP Designjet T520 Inkjet Large Format Printer - 24"" Color",12,,
"Howard Miller 16"" Diameter Gallery Wall Clock",12,,
Honeywell Enviracaire Portable HEPA Air Cleaner for up to 10 x 16 Room,12,,
"Hon Metal Bookcases, Gray",12,,
"Holmes Replacement Filter for HEPA Air Cleaner, Large Room",12,,
Harmony HEPA Quiet Air Purifiers,12,,
"Global Task Chair, Black",12,,
GBC Therma-A-Bind 250T Electric Binding System,12,,
GBC ProClick Spines for 32-Hole Punch,12,,
Fellowes Recycled Storage Drawers,12,,
Eureka Sanitaire  Commercial Upright,12,,
Eldon Image Series Black Desk Accessories,12,,
"Eldon 200 Class Desk Accessories, Black",12,,
"Conquest 14 Commercial Heavy-Duty Upright Vacuum, Collection System, Accessory Kit",12,,
ClearOne Communications CHAT 70 OC Speaker Phone,12,,
Cisco IP Phone 7961G VoIP phone - Dark gray,12,,
Cardinal Hold-It CD Pocket,12,,
Bush Somerset Collection Bookcase,12,,
"Bush Andora Conference Table, Maple/Graphite Gray Finish",12,,
"BlueLounge Milo Smartphone Stand, White/Metallic",12,,
"Binney & Smith inkTank Erasable Pocket Highlighter, Chisel Tip, Yellow",12,,
Balt Split Level Computer Training Table,12,,
Avery Non-Stick Heavy Duty View Round Locking Ring Binders,12,,
Avery 491,12,,
Avaya 5420 Digital phone,12,,
Avaya 4621SW VoIP phone,12,,
"Ativa D5772 2-Line 5.8GHz Digital Expandable Corded/Cordless Phone System with Answering & Caller ID/Call Waiting, Black/Silver",12,,
AT&T 1070 Corded Phone,12,,
Ampad #10 Peel & Seel Holiday Envelopes,12,,
Acme Rosewood Handle Letter Opener,12,,
Acme Kleen Earth Office Shears,12,,
Acme Elite Stainless Steel Scissors,12,,
Xerox 206,11,,
Xerox 1979,11,,
Xerox 1912,11,,
"TOPS Money Receipt Book, Consecutively Numbered in Red,",11,,
Tenex Chairmats For Use With Carpeted Floors,11,,
Standard Line “While You Were Out” Hardbound Telephone Message Book,11,,
"Seth Thomas 8 1/2"" Cubicle Clock",11,,
Self-Adhesive Ring Binder Labels,11,,
Seidio BD2-HK3IPH5-BK DILEX Case and Holster Combo for Apple iPhone 5/5s - Black,11,,
"Sanford Colorific Scented Colored Pencils, 12/Pack",11,,
Safco Commercial Shelving,11,,
Rediform Voice Mail Log Books,11,,
Quality Park Security Envelopes,11,,
Panasonic KX - TS880B Telephone,11,,
Nokia Lumia 925,11,,
Newell 346,11,,
Newell 330,11,,
Newell 316,11,,
"Multi-Use Personal File Cart and Caster Set, Three Stacking Bins",11,,
Memorex Micro Travel Drive 4 GB,11,,
Logitech Wireless Anywhere Mouse MX for PC and Mac,11,,
Logitech LS21 Speaker System - PC Multimedia - 2.1-CH - Wired,11,,
High Speed Automatic Electric Letter Opener,11,,
GE 2-Jack Phone Line Splitter,11,,
GBC Binding covers,11,,
G.E. Halogen Desk Lamp Bulbs,11,,
Fiskars Home & Office Scissors,11,,
"Executive Impressions 13"" Chairman Wall Clock",11,,
Euro Pro Shark Stick Mini Vacuum,11,,
Electrix Fluorescent Magnifier Lamps & Weighted Base,11,,
DYMO CardScan Personal V9 Business Card Scanner,11,,
Durable Pressboard Binders,11,,
Dexim XPower Skin Super-Thin Power Case for iPhone 5 - Black,11,,
Design Ebony Sketching Pencil,11,,
"DAX Metal Frame, Desktop, Stepped-Edge",11,,
Cyber Acoustics AC-202b Speech Recognition Stereo Headset,11,,
Colorific Watercolor Pencils,11,,
Clearsounds A400,11,,
Cisco SPA112 2 Port Phone Adapter,11,,
Cisco Small Business SPA 502G VoIP phone,11,,
"Chromcraft Bull-Nose Wood 48"" x 96"" Rectangular Conference Tables",11,,
Canon PC1080F Personal Copier,11,,
"Black Print Carbonless 8 1/2"" x 8 1/4"" Rapid Memo Book",11,,
Bionaire Personal Warm Mist Humidifier/Vaporizer,11,,
Balt Solid Wood Rectangular Table,11,,
Avery Personal Creations Heavyweight Cards,11,,
Ativa V4110MDD Micro-Cut Shredder,11,,
Ativa MDM8000 8-Sheet Micro-Cut Shredder,11,,
Array Memo Cubes,11,,
Apple iPhone 5S,11,,
Acco Expandable Hanging Binders,11,,
"3D Systems Cube Printer, 2nd Generation, Magenta",11,,
"#10 Gummed Flap White Envelopes, 100/Box",11,,
Xerox 1974,10,,
Xerox 1972,10,,
Xerox 1965,10,,
Xerox 1955,10,,
Xerox 1907,10,,
Xerox 1889,10,,
VariCap6 Expandable Binder,10,,
"Ultra Door Kickplate, 8""H x 34""W",10,,
Tensor Brushed Steel Torchiere Floor Lamp,10,,
"Tenex Contemporary Contur Chairmats for Low and Medium Pile Carpet, Computer, 39"" x 49""",10,,
Telescoping Adjustable Floor Lamp,10,,
Southworth Structures Collection,10,,
Sharp 1540cs Digital Laser Copier,10,,
"Sauder Mission Library with Doors, Fruitwood Finish",10,,
"Sauder Forest Hills Library with Doors, Woodland Oak Finish",10,,
"Sauder Facets Collection Library, Sky Alder Finish",10,,
"Sauder Camden County Barrister Bookcase, Planked Cherry Finish",10,,
SanDisk Cruzer 16 GB USB Flash Drive,10,,
Petty Cash Envelope,10,,
Panasonic KX T7736-B Digital phone,10,,
Panasonic KX MB2061 Multifunction Printer,10,,
Newell 339,10,,
Newell 33,10,,
Newell 313,10,,
Maxell iVDR EX 500GB Cartridge,10,,
Maxell 4.7GB DVD-RW 3/Pack,10,,
"Master Caster Door Stop, Large Brown",10,,
"Master Caster Door Stop, Gray",10,,
Logitech Wireless Headset H600 Over-The-Head Design,10,,
LG G3,10,,
Letter Size File,10,,
KeyTronic 6101 Series - Keyboard - Black,10,,
"Inter-Office Recycled Envelopes, Brown Kraft, Button-String,10"" x 13"" , 100/Box",10,,
Hon Every-Day Chair Series Swivel Task Chairs,10,,
Hewlett-Packard 300S Scientific Calculator,10,,
Griffin GC36547 PowerJolt SE Lightning Charger,10,,
Grandstream GXP2100 Mainstream Business Phone,10,,
Global Enterprise Series Seating High-Back Swivel/Tilt Chairs,10,,
Global Deluxe High-Back Office Chair in Storm,10,,
GE 30522EE2,10,,
Fellowes Advanced 8 Outlet Surge Suppressor with Phone/Fax Protection,10,,
Epson TM-T88V Direct Thermal Printer - Monochrome - Desktop,10,,
Eldon Advantage Foldable Chair Mats for Low Pile Carpets,10,,
Disposable Triple-Filter Dust Bags,10,,
DAX Clear Channel Poster Frame,10,,
"Career Cubicle Clock, 8 1/4"", Black",10,,
Boston 16765 Mini Stand Up Battery Pencil Sharpener,10,,
Belkin 7-Outlet SurgeMaster Home Series,10,,
Avery 507,10,,
AT&T CL83451 4-Handset Telephone,10,,
Artistic Insta-Plaque,10,,
Apple EarPods with Remote and Mic,10,,
"Acco Recycled 2"" Capacity Laser Printer Hanging Data Binders",10,,
3M Office Air Cleaner,10,,
14-7/8 x 11 Blue Bar Computer Printout Paper,10,,
#10 Self-Seal White Envelopes,10,,
Xerox 223,9,,
Xerox 208,9,,
Xerox 1998,9,,
Xerox 1950,9,,
Xerox 194,9,,
Xerox 1936,9,,
Wausau Papers Astrobrights Colored Envelopes,9,,
Storex Flexible Poly Binders with Double Pockets,9,,
Serrated Blade or Curved Handle Hand Letter Openers,9,,
Self-Adhesive Address Labels for Typewriters with Dispenser Box,9,,
Samsung Convoy 3,9,,
Safco Steel Mobile File Cart,9,,
Rosewill 107 Normal Keys USB Wired Standard Keyboard,9,,
Recycled Premium Regency Composition Covers,9,,
"Pressboard Data Binder, Crimson, 12"" X 8 1/2""",9,,
"Post-it “Important Message” Note Pad, Neon Colors, 50 Sheets/Pad",9,,
Pastel Pink Envelopes,9,,
Panasonic KX TS3282B Corded phone,9,,
Panasonic KP-310 Heavy-Duty Electric Pencil Sharpener,9,,
Okidata MB491 Multifunction Printer,9,,
O'Sullivan Cherrywood Estates Traditional Barrister Bookcase,9,,
O'Sullivan 5-Shelf Heavy-Duty Bookcases,9,,
Nortel Business Series Terminal T7208 Digital phone,9,,
Newell 340,9,,
"Mead 1st Gear 2"" Zipper Binder, Asst. Colors",9,,
Maxell CD-R Discs,9,,
Konftel 250 Conference phone - Charcoal black,9,,
Kingston Digital DataTraveler 8GB USB 2.0,9,,
Kensington 6 Outlet MasterPiece HOMEOFFICE Power Control Center,9,,
i.Sound Portable Power - 8000 mAh,9,,
Hoover WindTunnel Plus Canister Vacuum,9,,
Honeywell Enviracaire Portable Air Cleaner for up to 8 x 10 Room,9,,
"Holmes Cool Mist Humidifier for the Whole House with 8-Gallon Output per Day, Extended Life Filter",9,,
"Eldon Regeneration Recycled Desk Accessories, Black",9,,
Cubify CubeX 3D Printer Double Head Print,9,,
"Bush Birmingham Collection Bookcase, Dark Cherry",9,,
"Bevis Traditional Conference Table Top, Plinth Base",9,,
Belkin QODE FastFit Bluetooth Keyboard,9,,
"Avery Hi-Liter GlideStik Fluorescent Highlighter, Yellow Ink",9,,
Anker Astro Mini 3000mAh Ultra-Compact Portable Charger,9,,
"Ampad Poly Cover Wirebound Steno Book, 6"" x 9"" Assorted Colors, Gregg Ruled",9,,
#6 3/4 Gummed Flap White Envelopes,9,,
Xerox 218,8,,
Xerox 1990,8,,
Xerox 1980,8,,
Xerox 1973,8,,
Wilson Jones Suede Grain Vinyl Binders,8,,
"Verbatim Slim CD and DVD Storage Cases, 50/Pack",8,,
Texas Instrument TI-15 Fraction Calculator,8,,
"Tensor ""Hersey Kiss"" Styled Floor Lamp",8,,
Speck Products Candyshell Flip Case,8,,
"SKILCRAFT Telephone Shoulder Rest, 2"" x 6.5"" x 2.5"", Black",8,,
Sannysis Cute Owl Design Soft Skin Case Cover for Samsung Galaxy S4,8,,
Samsung Galaxy S4 Active,8,,
"Quartet Alpha White Chalk, 12/Pack",8,,
Plastic Stacking Crates & Casters,8,,
Plantronics Voyager Pro Legend,8,,
Panasonic KX T7731-B Digital phone,8,,
Office Star - Task Chair with Contemporary Loop Arms,8,,
Nu-Dell EZ-Mount Plastic Wall Frames,8,,
Newell 338,8,,
Newell 329,8,,
Konica Minolta magicolor 1690MF Multifunction Printer,8,,
Kensington 7 Outlet MasterPiece Power Center with Fax/Phone Line Protection,8,,
Ibico Recycled Grain-Textured Covers,8,,
"Hunt BOSTON Vista Battery-Operated Pencil Sharpener, Black",8,,
"Hunt BOSTON Model 1606 High-Volume Electric Pencil Sharpener, Beige",8,,
Hoover Commercial Lightweight Upright Vacuum,8,,
Hewlett-Packard Deskjet 3050a All-in-One Color Inkjet Printer,8,,
Hand-Finished Solid Wood Document Frame,8,,
Global Italian Leather Office Chair,8,,
"Global Adaptabilites Bookcase, Cherry/Storm Gray Finish",8,,
"Geographics Note Cards, Blank, White, 8 1/2"" x 11""",8,,
Faber Castell Col-Erase Pencils,8,,
"Executive Impressions 14"" Contract Wall Clock with Quartz Movement",8,,
Eldon Econocleat Chair Mats for Low Pile Carpets,8,,
Eldon Cleatmat Chair Mats for Medium Pile Carpets,8,,
"Dixon Ticonderoga Maple Cedar Pencil, #2",8,,
Cisco SPA525G2 5-Line IP Phone,8,,
Boston 1730 StandUp Electric Pencil Sharpener,8,,
"Binney & Smith inkTank Erasable Desk Highlighter, Chisel Tip, Yellow, 12/Box",8,,
Belkin Grip Candy Sheer Case / Cover for iPhone 5 and 5S,8,,
Belkin 8 Outlet SurgeMaster II Gold Surge Protector with Phone Protection,8,,
Avery Binder Labels,8,,
Avery 500,8,,
Avery 497,8,,
AT&T SB67148 SynJ,8,,
AT&T CL2909,8,,
Anker 24W Portable Micro USB Car Charger,8,,
Alliance Rubber Bands,8,,
"Adams Write n' Stick Phone Message Book, 11"" X 5 1/4"", 200 Messages",8,,
"Acco Smartsocket Table Surge Protector, 6 Color-Coded Adapter Outlets",8,,
Acco Perma 2700 Stacking Storage Drawers,8,,
12 Colored Short Pencils,8,,
"""While you Were Out"" Message Book, One Form per Page",8,,
Xerox WorkCentre 6505DN Laser Multifunction Printer,7,,
Xerox 215,7,,
Xerox 207,7,,
Xerox 1976,7,,
Xerox 1938,7,,
Xerox 1926,7,,
Xerox 1921,7,,
"Westinghouse Floor Lamp with Metal Mesh Shade, Black",7,,
Tops Green Bar Computer Printout Paper,7,,
"Tenex V2T-RE Standard Weight Series Chair Mat, 45"" x 53"", Lip 25"" x 12""",7,,
Space Solutions Industrial Galvanized Steel Shelving.,7,,
Southworth 25% Cotton Granite Paper & Envelopes,7,,
Shocksock Galaxy S4 Armband,7,,
"Sanford Prismacolor Professional Thick Lead Art Pencils, 36-Color Set",7,,
RCA ViSYS 25825 Wireless digital phone,7,,
Portfile Personal File Boxes,7,,
Okidata MB760 Printer,7,,
"Office Star - Contemporary Task Swivel chair with 2-way adjustable arms, Plum",7,,
Microsoft Arc Touch Mouse,7,,
Logitech M510 Wireless Mouse,7,,
"Hon Deluxe Fabric Upholstered Stacking Chairs, Squared Back",7,,
Hammermill CopyPlus Copy Paper (20Lb. and 84 Bright),7,,
"GE 4 Foot Flourescent Tube, 40 Watt",7,,
Fellowes Econo/Stor Drawers,7,,
"Executive Impressions 8-1/2"" Career Panel/Partition Cubicle Clock",7,,
Col-Erase Pencils with Erasers,7,,
Canon Image Class D660 Copier,7,,
"Brites Rubber Bands, 1 1/2 oz. Box",7,,
Belkin OmniView SE Rackmount Kit,7,,
Belkin iPhone and iPad Lightning Cable,7,,
Avery 510,7,,
Avery 502,7,,
Avery 479,7,,
Acme Kleencut Forged Steel Scissors,7,,
"Acme Design Line 8"" Stainless Steel Bent Scissors w/Champagne Handles, 3-1/8"" Cut",7,,
Acco 6 Outlet Guardian Basic Surge Suppressor,7,,
"1/4 Fold Party Design Invitations & White Envelopes, 24 8-1/2"" X 11"" Cards, 25 Env./Pack",7,,
Zebra ZM400 Thermal Label Printer,6,,
Zebra GK420t Direct Thermal/Thermal Transfer Printer,6,,
Xerox 190,6,,
Wilson Jones DublLock D-Ring Binders,6,,
"Westinghouse Mesh Shade Clip-On Gooseneck Lamp, Black",6,,
Turquoise Lead Holder with Pocket Clip,6,,
SAFCO Folding Chair Trolley,6,,
O'Sullivan Cherrywood Estates Traditional Bookcase,6,,
Motorola Moto X,6,,
"Message Book, Standard Line ""While You Were Out"", 5 1/2"" X 4"", 200 Sets/Book",6,,
Lunatik TT5L-002 Taktik Strike Impact Protection System for iPhone 5,6,,
Lexmark MarkNet N8150 Wireless Print Server,6,,
Lexmark 20R1285 X6650 Wireless All-in-One Printer,6,,
Kingston Digital DataTraveler 64GB USB 2.0,6,,
KeyTronic KT800P2 - Keyboard - Black,6,,
Kensington 6 Outlet SmartSocket Surge Protector,6,,
"Ink Jet Note and Greeting Cards, 8-1/2"" x 5-1/2"" Card Size",6,,
Hoover Replacement Belt for Commercial Guardsman Heavy-Duty Upright Vacuum,6,,
Hoover Commercial Lightweight Upright Vacuum with E-Z Empty Dirt Cup,6,,
"Hon 30"" x 60"" Table with Locking Drawer",6,,
Hewlett-Packard Deskjet 6540 Color Inkjet Printer,6,,
Fiskars Spring-Action Scissors,6,,
Eldon Executive Woodline II Cherry Finish Desk Accessories,6,,
"Eldon 300 Class Desk Accessories, Black",6,,
Document Clip Frames,6,,
Contemporary Borderless Frame,6,,
Cisco TelePresence System EX90 Videoconferencing Unit,6,,
Canon PC170 Desktop Personal Copier,6,,
Bush Mission Pointe Library,6,,
Boston 16701 Slimline Battery Pencil Sharpener,6,,
Avery Hi-Liter Fluorescent Desk Style Markers,6,,
Acco Economy Flexible Poly Round Ring Binder,6,,
4009 Highlighters,6,,
Xerox Blank Computer Paper,5,,
Xerox 1985,5,,
Xerox 1983,5,,
Xerox 1958,5,,
Xerox 1896,5,,
Xerox 1892,5,,
Xerox 1890,5,,
Xblue XB-1670-86 X16 Small Office Telephone - Titanium,5,,
"Wirebound Message Forms, Four 2 3/4 x 5 Forms per Page, Pink Paper",5,,
Unpadded Memo Slips,5,,
Stockwell Gold Paper Clips,5,,
Sterling Rubber Bands by Alliance,5,,
"Sauder Facets Collection Locker/File Cabinet, Sky Alder Finish",5,,
"Sanitaire Vibra Groomer IR Commercial Upright Vacuum, Replacement Belts",5,,
SANFORD Liquid Accent Tank-Style Highlighters,5,,
SanDisk Cruzer 4 GB USB Flash Drive,5,,
Riverside Furniture Stanwyck Manor Table Series,5,,
"Recycled Interoffice Envelopes with Re-Use-A-Seal Closure, 10 x 13",5,,
Plantronics Single Ear Headset,5,,
Panasonic KX MC6040 Color Laser Multifunction Printer,5,,
OtterBox Defender Series Case - iPhone 5c,5,,
Okidata C610n Printer,5,,
Newell 308,5,,
Loose Memo Sheets,5,,
LG G2,5,,
Lexmark S315 Color Inkjet Printer,5,,
Kleencut Forged Office Shears by Acme United Corporation,5,,
Imation Swivel Flash Drive USB flash drive - 8 GB,5,,
"Holmes Visible Mist Ultrasonic Humidifier with 2.3-Gallon Output per Day, Replacement Filter",5,,
Hewlett-Packard Desktjet 6988DT Refurbished Printer,5,,
"Electrix Incandescent Magnifying Lamp, Black",5,,
Eldon File Chest Portable File,5,,
Desktop 3-Pocket Hot File,5,,
Dell Slim USB Multimedia Keyboard,5,,
Cisco Desktop Collaboration Experience DX650 IP Video Phone,5,,
Boston 16750 Black Compact Battery Pencil Sharpener,5,,
"Binney & Smith Crayola Metallic Crayons, 16-Color Pack",5,,
Belkin 7 Outlet SurgeMaster Surge Protector with Phone Protection,5,,
Avery 515,5,,
"Avery 05222 Permanent Self-Adhesive File Folder Labels for Typewriters, on Rolls, White, 250/Roll",5,,
Avaya IP Phone 1140E VoIP phone,5,,
Anderson Hickey Conga Table Tops & Accessories,5,,
Acme Serrated Blade Letter Opener,5,,
Acco Glide Clips,5,,
Xiaomi Mi3,4,,
Xerox 1918,4,,
Xerox 1902,4,,
Xerox 1901,4,,
Wirebound Voice Message Log Book,4,,
Wilson Jones Hanging Recycled Pressboard Data Binders,4,,
"Tenex Traditional Chairmats for Hard Floors, Average Lip, 36"" x 48""",4,,
Star Micronics TSP800 TSP847IIU Receipt Printer,4,,
Star Micronics TSP100 TSP143LAN Receipt Printer,4,,
"Snap-A-Way Black Print Carbonless Speed Message, No Reply Area, Duplicate",4,,
SanDisk Cruzer 8 GB USB Flash Drive,4,,
Rush Hierlooms Collection Rich Wood Bookcases,4,,
Rediform S.O.S. Phone Message Books,4,,
Pyle PRT45 Retro Home Telephone,4,,
Park Ridge Embossed Executive Business Envelopes,4,,
Panasonic KP-350BK Electric Pencil Sharpener with Auto Stop,4,,
Nokia Lumia 1020,4,,
Newell 337,4,,
Micro Innovations Wireless Classic Keyboard with Mouse,4,,
"Logitech Wireless Boombox Speaker - portable - wireless, wired",4,,
Lexmark X 9575 Professional All-in-One Color Printer,4,,
Letter Slitter,4,,
"HP Officejet Pro 8600 e-All-In-One Printer, Copier, Scanner, Fax",4,,
Hewlett-Packard Deskjet D4360 Printer,4,,
First Data TMFD35 PIN Pad,4,,
"Executive Impressions 16-1/2"" Circular Wall Clock",4,,
"Eureka Hand Vacuum, Bagless",4,,
"Epson WorkForce WF-2530 All-in-One Printer, Copier Scanner",4,,
Cubify CubeX 3D Printer Triple Head Print,4,,
Computer Printout Paper with Letter-Trim Fine Perforations,4,,
Classic Ivory Antique Telephone ZL1810,4,,
Cisco CP-7937G Unified IP Conference Station Phone,4,,
Cherry 142-key Programmable Keyboard,4,,
"Bush Cubix Collection Bookcases, Fully Assembled",4,,
Bevis Round Conference Room Tables and Bases,4,,
Belkin 8-Outlet Premiere SurgeMaster II Surge Protectors,4,,
"Avery Hi-Liter Comfort Grip Fluorescent Highlighter, Yellow Ink",4,,
Avery 484,4,,
Avery 482,4,,
Xerox 1932,3,,
Xerox 1922,3,,
Wasp CCD Handheld Bar Code Reader,3,,
"Vtech AT&T CL2940 Corded Speakerphone, Black",3,,
"Universal Ultra Bright White Copier/Laser Paper, 8 1/2"" x 11"", Ream",3,,
"Stride Job 150 Highlighters, Chisel Tip, Assorted Colors",3,,
Sony 8GB Class 10 Micro SDHC R40 Memory Card,3,,
Socket Bluetooth Cordless Hand Scanner (CHS),3,,
RCA ViSYS 25425RE1 Corded phone,3,,
RCA H5401RE1 DECT 6.0 4-Line Cordless Handset With Caller ID/Call Waiting,3,,
Panasonic Business Telephones KX-T7736,3,,
Okidata B401 Printer,3,,
Okidata B400 Printer,3,,
Newell 342,3,,
NETGEAR RangeMax WNR1000 Wireless Router,3,,
Logitech Illuminated Ultrathin Keyboard with Backlighting,3,,
"Linden 12"" Wall Clock With Oak Frame",3,,
I.R.I.S IRISCard Anywhere 5 Card Scanner,3,,
Holmes Harmony HEPA Air Purifier for 17 x 20 Room,3,,
Hewlett-Packard Deskjet 5550 Printer,3,,
Hammermill Color Copier Paper (28Lb. and 96 Bright),3,,
"Fellowes Smart Surge Ten-Outlet Protector, Platinum",3,,
"Executive Impressions 13-1/2"" Indoor/Outdoor Wall Clock",3,,
Epson Perfection V600 Photo Scanner,3,,
Eldon Jumbo ProFile Portable File Boxes Graphite/Black,3,,
Decoflex Hanging Personal Folder File,3,,
Color-Coded Legal Exhibit Labels,3,,
Cisco SPA 501G IP Phone,3,,
Cisco 8961 IP Phone Charcoal,3,,
"Canon Color ImageCLASS MF8580Cdw Wireless Laser All-In-One Printer, Copier, Scanner",3,,
"Bush Westfield Collection Bookcases, Dark Cherry Finish, Fully Assembled",3,,
"Brother MFC-9340CDW LED All-In-One Printer, Copier Scanner",3,,
"Boston 1827 Commercial Additional Cutter, Drive Gear & Gear Rack for 1606",3,,
"Atlantic Metals Mobile 2-Shelf Bookcases, Custom Colors",3,,
AT&T EL51110 DECT,3,,
"3D Systems Cube Printer, 2nd Generation, White",3,,
Xerox 1989,2,,
Xerox 1984,2,,
Xerox 1969,2,,
Ultra Commercial Grade Dual Valve Door Closer,2,,
RCA ViSYS 25423RE1 Corded phone,2,,
PNY Rapid USB Car Charger - Black,2,,
NeatDesk Desktop Scanner & Digital Filing System,2,,
Multimedia Mailers,2,,
Memorex Mini Travel Drive 4 GB USB 2.0 Flash Drive,2,,
Jiffy Padded Mailers with Self-Seal Closure,2,,
Hewlett-Packard Deskjet F4180 All-in-One Color Ink-jet - Printer / copier / scanner,2,,
Grip Seal Envelopes,2,,
Eureka Disposable Bags for Sanitaire Vibra Groomer I Upright Vac,2,,
Canon imageCLASS MF7460 Monochrome Digital Laser Multifunction Copier,2,,
"Barricks Non-Folding Utility Table with Steel Legs, Laminate Tops",2,,
Avery Hi-Liter Pen Style Six-Color Fluorescent Set,2,,
Avery 5,2,,
Xerox 20,1,,
Penpower WorldCard Pro Card Scanner,1,,
Global Enterprise Series Seating Low-Back Swivel/Tilt Chairs,1,,
"Bush Saratoga Collection 5-Shelf Bookcase, Hanover Cherry, *Special Order",1,,
Boston 1900 Electric Pencil Sharpener,1,,
Grand Total,37873,,