Product Name,COUNT of Return Quantity,Product Name,COUNT of Return Quantity
Staple envelope,4,Staple envelope,4
KI Adjustable-Height Table,4,KI Adjustable-Height Table,4
Xerox 1882,3,Xerox 1882,3
"Wirebound Service Call Books, 5 1/2"" x 4""",3,"Wirebound Service Call Books, 5 1/2"" x 4""",3
"Wilson Jones Hanging View Binder, White, 1""",3,"Wilson Jones Hanging View Binder, White, 1""",3
Wilson Jones Easy Flow II Sheet Lifters,3,Wilson Jones Easy Flow II Sheet Lifters,3
"Wilson Jones Clip & Carry Folder Binder Tool for Ring Binders, Clear",3,"Wilson Jones Clip & Carry Folder Binder Tool for Ring Binders, Clear",3
Tenex B1-RE Series Chair Mats for Low Pile Carpets,3,Tenex B1-RE Series Chair Mats for Low Pile Carpets,3
Staple-based wall hangings,3,Staple-based wall hangings,3
Staple remover,3,Staple remover,3
Staple holder,3,,
Stanley Bostitch Contemporary Electric Pencil Sharpeners,3,,
Prang Drawing Pencil Set,3,,
Plantronics Encore H101 Dual Earpieces Headset,3,,
Novimex Turbo Task Chair,3,,
Longer-Life Soft White Bulbs,3,,
Ibico Standard Transparent Covers,3,,
"Fellowes Strictly Business Drawer File, Letter/Legal Size",3,,
Fellowes Black Plastic Comb Bindings,3,,
Avery Durable Binders,3,,
Advantus Push Pins,3,,
Xerox 2,2,,
Xerox 1968,2,,
Xerox 194,2,,
Xerox 1934,2,,
Xerox 1931,2,,
Xerox 192,2,,
Xerox 1919,2,,
Xerox 191,2,,
Xerox 1908,2,,
Xerox 1898,2,,
Xerox 1894,2,,
Xerox 1885,2,,
Xerox 1881,2,,
Wilson Jones Leather-Like Binders with DublLock Round Rings,2,,
Wilson Jones Heavy-Duty Casebound Ring Binders with Metal Hinges,2,,
VTech DS6151,2,,
Vtech CS6719,2,,
Vinyl Sectional Post Binders,2,,
Tuf-Vin Binders,2,,
"Tennsco Stur-D-Stor Boltless Shelving, 5 Shelves, 24"" Deep, Sand",2,,
"Tenex ""The Solids"" Textured Chair Mats",2,,
Staples,2,,
Standard Rollaway File with Lock,2,,
Sony Micro Vault Click 16 GB USB 2.0 Flash Drive,2,,
"Situations Contoured Folding Chairs, 4/Set",2,,
Sharp 1540cs Digital Laser Copier,2,,
"Sauder Camden County Collection Libraries, Planked Cherry Finish",2,,
Satellite Sectional Post Binders,2,,
"Sanford Colorific Colored Pencils, 12/Box",2,,
"SAFCO PlanMaster Heigh-Adjustable Drafting Table Base, 43w x 30d x 30-37h, Black",2,,
SAFCO Boltless Steel Shelving,2,,
Round Ring Binders,2,,
"Rediform Wirebound ""Phone Memo"" Message Book, 11 x 5-3/4",2,,
Recycled Easel Ring Binders,2,,
Pyle PMP37LED,2,,
Premier Electric Letter Opener,2,,
Plastic Binding Combs,2,,
Plantronics Audio 478 Stereo USB Headset,2,,
OtterBox Defender Series Case - Samsung Galaxy S4,2,,
OIC Bulk Pack Metal Binder Clips,2,,
O'Sullivan Living Dimensions 2-Shelf Bookcases,2,,
Novimex Fabric Task Chair,2,,
Newell 34,2,,
Newell 317,2,,
NETGEAR N750 Dual Band Wi-Fi Gigabit Router,2,,
Microsoft Sculpt Comfort Mouse,2,,
Microsoft Natural Ergonomic Keyboard 4000,2,,
Memorex Mini Travel Drive 64 GB USB 2.0 Flash Drive,2,,
Macally Suction Cup Mount,2,,
Logitech Wireless Performance Mouse MX for PC and Mac,2,,
Logitech 910-002974 M325 Wireless Mouse for Web Scrolling,2,,
"Lesro Sheffield Collection Coffee Table, End Table, Center Table, Corner Table",2,,
Jabra SPEAK 410,2,,
"It's Hot Message Books with Stickers, 2 3/4"" x 5""",2,,
Imation Secure Drive + Hardware Encrypted USB flash drive - 16 GB,2,,
iHome FM Clock Radio with Lightning Dock,2,,
Ibico Presentation Index for Binding Systems,2,,
Ibico Laser Imprintable Binding System Covers,2,,
Ibico Covers for Plastic or Wire Binding Elements,2,,
i.Sound Portable Power - 8000 mAh,2,,
"Hot File 7-Pocket, Floor Stand",2,,
Hon GuestStacker Chair,2,,
Hon 4700 Series Mobuis Mid-Back Task Chairs with Adjustable Arms,2,,
GuestStacker Chair with Chrome Finish Legs,2,,
"Global Wood Trimmed Manager's Task Chair, Khaki",2,,
Global Troy Executive Leather Low-Back Tilter,2,,
"Global Leather Task Chair, Black",2,,
Global Executive Mid-Back Manager's Chair,2,,
"GE General Purpose, Extra Long Life, Showcase & Floodlight Incandescent Bulbs",2,,
"GE 48"" Fluorescent Tube, Cool White Energy Saver, 34 Watts, 30/Box",2,,
GBC Wire Binding Strips,2,,
"GBC Twin Loop Wire Binding Elements, 9/16"" Spine, Black",2,,
GBC Recycled Grain Textured Covers,2,,
GBC Premium Transparent Covers with Diagonal Lined Pattern,2,,
GBC Plasticlear Binding Covers,2,,
GBC Durable Plastic Covers,2,,
"Fellowes Premier Superior Surge Suppressor, 10-Outlet, With Phone and Remote",2,,
Fellowes Bases and Tops For Staxonsteel/High-Stak Systems,2,,
Faber Castell Col-Erase Pencils,2,,
"Executive Impressions 14"" Contract Wall Clock",2,,
Eldon Wave Desk Accessories,2,,
Eldon ProFile File 'N Store Portable File Tub Letter/Legal Size Black,2,,
"DAX Two-Tone Rosewood/Black Document Frame, Desktop, 5 x 7",2,,
DAX Clear Channel Poster Frame,2,,
DAX Black Cherry Wood-Tone Poster Frame,2,,
Cyber Acoustics AC-202b Speech Recognition Stereo Headset,2,,
Chromcraft Rectangular Conference Tables,2,,
Carina Double Wide Media Storage Towers in Natural & Black,2,,
"Cardinal Slant-D Ring Binder, Heavy Gauge Vinyl",2,,
C-Line Cubicle Keepers Polyproplyene Holder With Velcro Backings,2,,
"Bravo II Megaboss 12-Amp Hard Body Upright, Replacement Belts, 2 Belts per Pack",2,,
"Black Print Carbonless 8 1/2"" x 8 1/4"" Rapid Memo Book",2,,
Binding Machine Supplies,2,,
Bevis Steel Folding Chairs,2,,
"Barricks 18"" x 48"" Non-Folding Utility Table with Bottom Storage Shelf",2,,
Avery Hanging File Binders,2,,
"Avery Address/Shipping Labels for Typewriters, 4"" x 2""",2,,
Avery 505,2,,
Avery 500,2,,
Avery 481,2,,
Assorted Color Push Pins,2,,
Apple iPhone 5,2,,
Anker Ultra-Slim Mini Bluetooth 3.0 Wireless Keyboard,2,,
"Angle-D Binders with Locking Rings, Label Holders",2,,
Akro Stacking Bins,2,,
Advantus SlideClip Paper Clips,2,,
"Adams ""While You Were Out"" Message Pads",2,,
Acme Value Line Scissors,2,,
Acme Tagit Stainless Steel Antibacterial Scissors,2,,
"Acco Six-Outlet Power Strip, 4' Cord Length",2,,
Zebra Zazzle Fluorescent Highlighters,1,,
Zebra GX420t Direct Thermal/Thermal Transfer Printer,1,,
Zebra GK420t Direct Thermal/Thermal Transfer Printer,1,,
XtraLife ClearVue Slant-D Ring Binders by Cardinal,1,,
Xerox 232,1,,
Xerox 23,1,,
Xerox 225,1,,
Xerox 221,1,,
Xerox 220,1,,
Xerox 22,1,,
Xerox 216,1,,
Xerox 214,1,,
Xerox 211,1,,
Xerox 204,1,,
Xerox 202,1,,
Xerox 200,1,,
Xerox 1996,1,,
Xerox 1995,1,,
Xerox 1991,1,,
Xerox 1988,1,,
Xerox 1987,1,,
Xerox 1986,1,,
Xerox 1981,1,,
Xerox 1980,1,,
Xerox 198,1,,
Xerox 1979,1,,
Xerox 1978,1,,
Xerox 1977,1,,
Xerox 1975,1,,
Xerox 1974,1,,
Xerox 1962,1,,
Xerox 1959,1,,
Xerox 1957,1,,
Xerox 1955,1,,
Xerox 195,1,,
Xerox 1947,1,,
Xerox 1942,1,,
Xerox 1940,1,,
Xerox 1935,1,,
Xerox 1933,1,,
Xerox 1930,1,,
Xerox 1929,1,,
Xerox 1928,1,,
Xerox 1927,1,,
Xerox 1925,1,,
Xerox 1924,1,,
Xerox 1923,1,,
Xerox 1913,1,,
Xerox 1911,1,,
Xerox 1909,1,,
Xerox 1905,1,,
Xerox 1900,1,,
Xerox 19,1,,
Xerox 1897,1,,
Xerox 1893,1,,
Xerox 1891,1,,
Xerox 189,1,,
Xerox 1883,1,,
Xerox 1880,1,,
Xerox 188,1,,
X-Rack File for Hanging Folders,1,,
"Wirebound Message Books, Four 2 3/4"" x 5"" Forms per Page, 600 Sets per Book",1,,
"Wirebound Message Books, Four 2 3/4 x 5 White Forms per Page",1,,
Wilson SignalBoost 841262 DB PRO Amplifier Kit,1,,
Wilson Jones Turn Tabs Binder Tool for Ring Binders,1,,
Wilson Jones Suede Grain Vinyl Binders,1,,
Wilson Jones Standard D-Ring Binders,1,,
Wilson Jones Legal Size Ring Binders,1,,
"Wilson Jones Ledger-Size, Piano-Hinge Binder, 2"", Blue",1,,
Wilson Jones Custom Binder Spines & Labels,1,,
"Wilson Jones 1"" Hanging DublLock Ring Binders",1,,
"White Dual Perf Computer Printout Paper, 2700 Sheets, 1 Part, Heavyweight, 20 lbs., 14 7/8 x 11",1,,
White Computer Printout Paper by Universal,1,,
"While You Were Out Pads, 50 per Pad, 4 x 5 1/4, Green Cycle",1,,
"Westinghouse Floor Lamp with Metal Mesh Shade, Black",1,,
WD My Passport Ultra 500GB Portable External Hard Drive,1,,
"Vinyl Coated Wire Paper Clips in Organizer Box, 800/Box",1,,
"Verbatim 25 GB 6x Blu-ray Single Layer Recordable Disc, 25/Pack",1,,
V7 USB Numeric Keypad,1,,
UniKeep View Case Binders,1,,
Ultra Door Pull Handle,1,,
Tyvek Side-Opening Peel & Seel Expanding Envelopes,1,,
Turquoise Lead Holder with Pocket Clip,1,,
Tripp Lite TLP810NET Broadband Surge for Modem/Fax,1,,
"Trav-L-File Heavy-Duty Shuttle II, Black",1,,
Toshiba IPT2010-SD IP Telephone,1,,
"TOPS ""Important Message"" Pads, Canary, 4-1/4 x 5-1/2, 50 Sheets per Pad",1,,
Tennsco Regal Shelving Units,1,,
Tennsco Industrial Shelving,1,,
Tennsco 6- and 18-Compartment Lockers,1,,
"Tenex Traditional Chairmats for Medium Pile Carpet, Standard Lip, 36"" x 48""",1,,
"Tenex Contemporary Contur Chairmats for Low and Medium Pile Carpet, Computer, 39"" x 49""",1,,
Tenex Chairmats For Use with Hard Floors,1,,
"Tenex Chairmat w/ Average Lip, 45"" x 53""",1,,
"Tenex Carpeted, Granite-Look or Clear Contemporary Contour Shape Chair Mats",1,,
Swingline SM12-08 MicroCut Jam Free Shredder,1,,
Storex Flexible Poly Binders with Double Pockets,1,,
Stockwell Push Pins,1,,
Sterilite Show Offs Storage Containers,1,,
Sterilite Officeware Hinged File Box,1,,
Steel Personal Filing/Posting Tote,1,,
StarTech.com 10/100 VDSL2 Ethernet Extender Kit,1,,
Staple-on labels,1,,
Stanley Contemporary Battery Pencil Sharpeners,1,,
Stacking Trays by OIC,1,,
Stackable Trays,1,,
"Square Ring Data Binders, Rigid 75 Pt. Covers, 11"" x 14-7/8""",1,,
"Square Credit Card Reader, 4 1/2"" x 4 1/2"" x 1"", White",1,,
SpineVue Locking Slant-D Ring Binders by Cardinal,1,,
Spigen Samsung Galaxy S5 Case Wallet,1,,
Speck Products Candyshell Flip Case,1,,
Southworth Structures Collection,1,,
Southworth 25% Cotton Premium Laser Paper and Envelopes,1,,
Southworth 25% Cotton Linen-Finish Paper & Envelopes,1,,
"Sortfiler Multipurpose Personal File Organizer, Black",1,,
Sony Micro Vault Click 8 GB USB 2.0 Flash Drive,1,,
"SlimView Poly Binder, 3/8""",1,,
"SimpliFile Personal File, Black Granite, 15w x 6-15/16d x 11-1/4h",1,,
Shocksock Galaxy S4 Armband,1,,
Sharp AL-1530CS Digital Copier,1,,
"Seth Thomas 12"" Clock w/ Goldtone Case",1,,
Sensible Storage WireTech Storage Systems,1,,
Sauder Inglewood Library Bookcases,1,,
"Sauder Facets Collection Locker/File Cabinet, Sky Alder Finish",1,,
Sauder Camden County Collection Library,1,,
"Sauder Camden County Barrister Bookcase, Planked Cherry Finish",1,,
Sauder Barrister Bookcases,1,,
Sanyo 2.5 Cubic Foot Mid-Size Office Refrigerators,1,,
SANFORD Major Accent Highlighters,1,,
Sanford 52201 APSCO Electric Pencil Sharpener,1,,
SanDisk Cruzer 64 GB USB Flash Drive,1,,
Samsung Rugby III,1,,
Samsung Replacement EH64AVFWE Premium Headset,1,,
Samsung Galaxy S4 Mini,1,,
Samsung Galaxy S III - 16GB - pebble blue (T-Mobile),1,,
Samsung Galaxy Note 2,1,,
Samsung Galaxy Mega 6.3,1,,
"Safco Wire Cube Shelving System, For Use as 4 or 5 14"" Cubes, Black",1,,
"SAFCO PlanMaster Boards, 60w x 37-1/2d, White Melamine",1,,
Safco Drafting Table,1,,
Safco Contoured Stacking Chairs,1,,
Rogers Profile Extra Capacity Storage Tub,1,,
Rogers Deluxe File Chest,1,,
Riverleaf Stik-Withit Designer Note Cubes,1,,
Ricoh - Ink Collector Unit for GX3000 Series Printers,1,,
"Rediform S.O.S. 1-Up Phone Message Bk, 4-1/4x3-1/16 Bk, 1 Form/Pg, 40 Messages/Bk, 3/Pk",1,,
"REDIFORM Incoming/Outgoing Call Register, 11"" X 8 1/2"", 100 Messages",1,,
Recycled Pressboard Report Cover with Reinforced Top Hinge,1,,
"Recycled Data-Pak for Archival Bound Computer Printouts, 12-1/2 x 12-1/2 x 16",1,,
RCA Visys Integrated PBX 8-Line Router,1,,
Razer Tiamat Over Ear 7.1 Surround Sound PC Gaming Headset,1,,
QVS USB Car Charger 2-Port 2.1Amp for iPod/iPhone/iPad/iPad 2/iPad 3,1,,
"Quartet Omega Colored Chalk, 12/Pack",1,,
PureGear Roll-On Screen Protector,1,,
Prestige Round Ring Binders,1,,
Presstex Flexible Ring Binders,1,,
"Pressboard Covers with Storage Hooks, 9 1/2"" x 11"", Light Blue",1,,
"Premium Transparent Presentation Covers, No Pattern/Clear, 8 1/2"" x 11""",1,,
"Premier Elliptical Ring Binder, Black",1,,
Prang Dustless Chalk Sticks,1,,
Polycom VVX 310 VoIP phone,1,,
Polycom VoiceStation 500 Conference phone,1,,
Polycom SoundStation2 EX Conference phone,1,,
Poly String Tie Envelopes,1,,
Poly Designer Cover & Back,1,,
Plantronics Voyager Pro Legend,1,,
Plantronics Savi W720 Multi-Device Wireless Headset System,1,,
Plantronics S12 Corded Telephone Headset System,1,,
"Plantronics CS 50-USB - headset - Convertible, Monaural",1,,
Plantronics Cordless Phone Headset with In-line Volume - M214C,1,,
Plantronics Audio 995 Wireless Stereo Headset,1,,
Peel & Stick Add-On Corner Pockets,1,,
"Peel & Seel Recycled Catalog Envelopes, Brown",1,,
Peel & Seel Envelopes,1,,
PayAnywhere Card Reader,1,,
Panasonic Kx-TS550,1,,
Panasonic KX T7736-B Digital phone,1,,
Panasonic KX T7731-B Digital phone,1,,
"Padded Folding Chairs, Black, 4/Carton",1,,
Okidata C331dn Printer,1,,
Okidata B401 Printer,1,,
OIC Thumb-Tacks,1,,
Office Star Flex Back Scooter Chair with Aluminum Finish Frame,1,,
"Office Star - Contemporary Task Swivel chair with Loop Arms, Charcoal",1,,
O'Sullivan 2-Shelf Heavy-Duty Bookcases,1,,
O'Sullivan 2-Door Barrister Bookcase in Odessa Pine,1,,
Nu-Dell Leatherette Frames,1,,
Nu-Dell Float Frame 11 x 14 1/2,1,,
Novimex Swivel Fabric Task Chair,1,,
Novimex High-Tech Fabric Mesh Task Chair,1,,
Nortel Networks T7316 E Nt8 B27,1,,
Newell Chalk Holder,1,,
Newell 347,1,,
Newell 346,1,,
Newell 345,1,,
Newell 344,1,,
Newell 343,1,,
Newell 341,1,,
Newell 338,1,,
Newell 336,1,,
Newell 329,1,,
Newell 325,1,,
Newell 324,1,,
Newell 318,1,,
Newell 312,1,,
Newell 308,1,,
netTALK DUO VoIP Telephone Service,1,,
Motorola HK250 Universal Bluetooth Headset,1,,
Mophie Juice Pack Helium for iPhone,1,,
Mobile Personal File Cube,1,,
Mitel MiVoice 5330e IP Phone,1,,
Microsoft Natural Keyboard Elite,1,,
"Message Book, Wirebound, Four 5 1/2"" X 4"" Forms/Pg., 200 Dupl. Sets/Book",1,,
Memorex Mini Travel Drive 8 GB USB 2.0 Flash Drive,1,,
Memorex Mini Travel Drive 16 GB USB 2.0 Flash Drive,1,,
"Memorex 25GB 6X Branded Blu-Ray Recordable Disc, 15/Pack",1,,
Mediabridge Sport Armband iPhone 5s,1,,
"Maxell 74 Minute CD-R Spindle, 50/Pack",1,,
"Master Caster Door Stop, Large Neon Orange",1,,
Martin Yale Chadless Opener Electric Letter Opener,1,,
Luxo Professional Fluorescent Magnifier Lamp with Clamp-Mount Base,1,,
Luxo Professional Combination Clamp-On Lamps,1,,
Lunatik TT5L-002 Taktik Strike Impact Protection System for iPhone 5,1,,
Logitech Wireless Touch Keyboard K400,1,,
Logitech Wireless Marathon Mouse M705,1,,
Logitech Wireless Headset h800,1,,
"Logitech Wireless Boombox Speaker - portable - wireless, wired",1,,
Logitech VX Revolution Cordless Laser Mouse for Notebooks (Black),1,,
Logitech P710e Mobile Speakerphone,1,,
Logitech Media Keyboard K200,1,,
Logitech LS21 Speaker System - PC Multimedia - 2.1-CH - Wired,1,,
Logitech K350 2.4Ghz Wireless Keyboard,1,,
Logitech Illuminated - Keyboard,1,,
Logitech Gaming G510s - Keyboard,1,,
Logitech G430 Surround Sound Gaming Headset with Dolby 7.1 Technology,1,,
Logitech G35 7.1-Channel Surround Sound Headset,1,,
Logitech G19 Programmable Gaming Keyboard,1,,
Logitech G13 Programmable Gameboard with LCD Display,1,,
Logitech ClearChat Comfort/USB Headset H390,1,,
"Logitech B530 USB Headset - headset - Full size, Binaural",1,,
"Linden 10"" Round Wall Clock, Black",1,,
LG G3,1,,
LG Exalt,1,,
LG Electronics Tone+ HBS-730 Bluetooth Headset,1,,
"LF Elite 3D Dazzle Designer Hard Case Cover, Lf Stylus Pen and Wiper For Apple Iphone 5c Mini Lite",1,,
Lenovo 17-Key USB Numeric Keypad,1,,
"Leather Task Chair, Black",1,,
Large Capacity Hanging Post Binders,1,,
Kingston Digital DataTraveler 16GB USB 2.0,1,,
KeyTronic KT800P2 - Keyboard - Black,1,,
Kensington 7 Outlet MasterPiece HOMEOFFICE Power Control Center,1,,
Kensington 6 Outlet MasterPiece HOMEOFFICE Power Control Center,1,,
Kensington 6 Outlet Guardian Standard Surge Protector,1,,
JM Magazine Binder,1,,
Jabra BIZ 2300 Duo QD Duo Corded Headset,1,,
Iris Project Case,1,,
Insertable Tab Post Binder Dividers,1,,
Imation Clip USB flash drive - 8 GB,1,,
Imation Bio 2GB USB Flash Drive Imation Corp,1,,
Imation 8gb Micro Traveldrive Usb 2.0 Flash Drive,1,,
Imation 32GB Pocket Pro USB 3.0 Flash Drive - 32 GB - Black - 1 P ...,1,,
Ideal Clamps,1,,
"Iceberg OfficeWorks 42"" Round Tables",1,,
Iceberg Mobile Mega Data/Printer Cart ,1,,
"IBM Multi-Purpose Copy Paper, 8 1/2 x 11"", Case",1,,
Ibico Recycled Linen-Style Covers,1,,
Ibico Recycled Grain-Textured Covers,1,,
Ibico Plastic Spiral Binding Combs,1,,
Ibico Hi-Tech Manual Binding System,1,,
"Hunt PowerHouse Electric Pencil Sharpener, Blue",1,,
HTC One,1,,
HP Office Recycled Paper (20Lb. and 87 Bright),1,,
"Howard Miller 13"" Diameter Goldtone Round Wall Clock",1,,
"Howard Miller 13-3/4"" Diameter Brushed Chrome Round Wall Clock",1,,
"Howard Miller 11-1/2"" Diameter Grantwood Wall Clock",1,,
Hoover WindTunnel Plus Canister Vacuum,1,,
"Hoover Replacement Belts For Soft Guard & Commercial Ltweight Upright Vacs, 2/Pk",1,,
Hoover Portapower Portable Vacuum,1,,
Honeywell Enviracaire Portable HEPA Air Cleaner for 17' x 22' Room,1,,
Honeywell Enviracaire Portable Air Cleaner for up to 8 x 10 Room,1,,
Hon Valutask Swivel Chairs,1,,
Hon Racetrack Conference Tables,1,,
Hon Olson Stacker Stools,1,,
Hon Non-Folding Utility Tables,1,,
Hon Comfortask Task/Swivel Chairs,1,,
Hon 94000 Series Round Tables,1,,
Hon 61000 Series Interactive Training Tables,1,,
HON 5400 Series Task Chairs for Big and Tall,1,,
Hon 4070 Series Pagoda Armless Upholstered Stacking Chairs,1,,
Hon 4060 Series Tables,1,,
Hon 2111 Invitation Series Straight Table,1,,
Home/Office Personal File Carts,1,,
"Holmes Replacement Filter for HEPA Air Cleaner, Very Large Room, HEPA Filter",1,,
"Holmes Replacement Filter for HEPA Air Cleaner, Medium Room",1,,
"Holmes Replacement Filter for HEPA Air Cleaner, Large Room",1,,
Holmes Odor Grabber,1,,
Hewlett-Packard Deskjet F4180 All-in-One Color Ink-jet - Printer / copier / scanner,1,,
Heavy-Duty E-Z-D Binders,1,,
Hanging Personal Folder File,1,,
Hand-Finished Solid Wood Document Frame,1,,
"Green Canvas Binder for 8-1/2"" x 14"" Sheets",1,,
"Gould Plastics 9-Pocket Panel Bin, 18-3/8w x 5-1/4d x 20-1/2h, Black",1,,
Globe Weis Peel & Seel First Class Envelopes,1,,
"Global Value Steno Chair, Gray",1,,
"Global Value Mid-Back Manager's Chair, Gray",1,,
"Global Stack Chair with Arms, Black",1,,
"Global Push Button Manager's Chair, Indigo",1,,
Global Low Back Tilter Chair,1,,
"Global Leather Highback Executive Chair with Pneumatic Height Adjustment, Black",1,,
"Global Leather and Oak Executive Chair, Black",1,,
Global Italian Leather Office Chair,1,,
"Global High-Back Leather Tilter, Burgundy",1,,
"Global Fabric Manager's Chair, Dark Gray",1,,
Global Ergonomic Managers Chair,1,,
Global Enterprise Series Seating High-Back Swivel/Tilt Chairs,1,,
Global Deluxe Steno Chair,1,,
"Global Deluxe Stacking Chair, Gray",1,,
Global Deluxe Office Fabric Chairs,1,,
Global Deluxe High-Back Office Chair in Storm,1,,
Global Commerce Series Low-Back Swivel/Tilt Chairs,1,,
"Global Armless Task Chair, Royal Blue",1,,
Geemarc AmpliPOWER60,1,,
Gear Head AU3700S Headset,1,,
GE DSL Phone Line Filter,1,,
GE 30524EE4,1,,
GE 30522EE2,1,,
GBC VeloBinder Manual Binding System,1,,
"GBC Velobind Prepunched Cover Sets, Regency Series",1,,
GBC VeloBind Cover Sets,1,,
GBC Twin Loop Wire Binding Elements,1,,
GBC Standard Therm-A-Bind Covers,1,,
GBC Standard Plastic Binding Systems Combs,1,,
GBC Recycled VeloBinder Covers,1,,
GBC ProClick Punch Binding System,1,,
GBC Prestige Therm-A-Bind Covers,1,,
"GBC Prepunched Paper, 19-Hole, for Binding Systems, 24-lb",1,,
GBC Plastic Binding Combs,1,,
GBC Linen Binding Covers,1,,
"GBC Laser Imprintable Binding System Covers, Desert Sand",1,,
GBC Instant Index System for Binding Systems,1,,
GBC DocuBind P400 Electric Binding System,1,,
GBC DocuBind P100 Manual Binding Machine,1,,
GBC DocuBind 300 Electric Binding Machine,1,,
GBC Binding covers,1,,
Flat Face Poster Frame,1,,
Fiskars Spring-Action Scissors,1,,
Fiskars Softgrip Scissors,1,,
"Fellowes Twister Kit, Gray/Clear, 3/pkg",1,,
Fellowes Superior 10 Outlet Split Surge Protector,1,,
Fellowes Neat Ideas Storage Cubes,1,,
Fellowes Command Center 5-outlet power strip,1,,
Fellowes Binding Cases,1,,
Fellowes Basic Home/Office Series Surge Protectors,1,,
Fellowes Bankers Box Staxonsteel Drawer File/Stacking System,1,,
Fellowes 8 Outlet Superior Workstation Surge Protector w/o Phone/Fax/Modem Protection,1,,
Fellowes 8 Outlet Superior Workstation Surge Protector,1,,
"Executive Impressions 14"" Two-Color Numerals Wall Clock",1,,
"Executive Impressions 12"" Wall Clock",1,,
"Executive Impressions 10"" Spectator Wall Clock",1,,
Euro Pro Shark Stick Mini Vacuum,1,,
"Eureka Recycled Copy Paper 8 1/2"" x 11"", Ream",1,,
Enermax Acrylux Wireless Keyboard,1,,
Electrix Halogen Magnifier Lamp,1,,
Electrix Fluorescent Magnifier Lamps & Weighted Base,1,,
"Eldon Stackable Tray, Side-Load, Legal, Smoke",1,,
Eldon Simplefile Box Office,1,,
Eldon Shelf Savers Cubes and Bins,1,,
Eldon Radial Chair Mat for Low to Medium Pile Carpets,1,,
Eldon Portable Mobile Manager,1,,
"Eldon Image Series Desk Accessories, Ebony",1,,
"Eldon Imàge Series Desk Accessories, Clear",1,,
Eldon Gobal File Keepers,1,,
"Eldon Expressions Wood and Plastic Desk Accessories, Oak",1,,
"Eldon Expressions Punched Metal & Wood Desk Accessories, Pewter & Cherry",1,,
Eldon Expressions Mahogany Wood Desk Collection,1,,
"Eldon Expressions Desk Accessory, Wood Pencil Holder, Oak",1,,
Eldon Cleatmat Chair Mats for Medium Pile Carpets,1,,
Eldon Antistatic Chair Mats for Low to Medium Pile Carpets,1,,
Eldon Advantage Foldable Chair Mats for Low Pile Carpets,1,,
Eldon 500 Class Desk Accessories,1,,
"Eldon 400 Class Desk Accessories, Black Carbon",1,,
EcoTones Memo Sheets,1,,
Economy Rollaway Files,1,,
Easy-staple paper,1,,
DYMO CardScan Personal V9 Business Card Scanner,1,,
"DXL Angle-View Binders with Locking Rings, Black",1,,
"Dot Matrix Printer Tape Reel Labels, White, 5000/Box",1,,
DMI Eclipse Executive Suite Bookcases,1,,
Deluxe Heavy-Duty Vinyl Round Ring Binder,1,,
"Decoflex Hanging Personal Folder File, Blue",1,,
DAX Solid Wood Frames,1,,
"DAX Executive Solid Wood Document Frame, Desktop or Hang, Mahogany, 5 x 7",1,,
Dax Clear Box Frame,1,,
Cush Cases Heavy Duty Rugged Cover Case for Samsung Galaxy S5 - Purple,1,,
"Crayola Anti Dust Chalk, 12/Pack",1,,
Crate-A-Files,1,,
Computer Printout Paper with Letter-Trim Perforations,1,,
"Companion Letter/Legal File, Black",1,,
Compact Automatic Electric Letter Opener,1,,
"Commercial WindTunnel Clean Air Upright Vacuum, Replacement Belts, Filtration Bags",1,,
Clear Mylar Reinforcing Strips,1,,
Cisco Unified IP Phone 7945G VoIP phone,1,,
Cisco SPA301,1,,
Cisco SPA 502G IP Phone,1,,
Cisco SPA 501G IP Phone,1,,
Cisco 9971 IP Video Phone Charcoal,1,,
Cisco 8x8 Inc. 6753i IP Business Phone System,1,,
Catalog Binders with Expanding Posts,1,,
"Carina 42""Hx23 3/4""W Media Storage Unit",1,,
"Cardinal HOLDit! Binder Insert Strips,Extra Strips",1,,
Cardinal Holdit Business Card Pockets,1,,
Cardinal Hold-It CD Pocket,1,,
Cardinal EasyOpen D-Ring Binders,1,,
Canon PC-428 Personal Copier,1,,
Canon imageCLASS 2200 Advanced Copier,1,,
"Canon Color ImageCLASS MF8580Cdw Wireless Laser All-In-One Printer, Copier, Scanner",1,,
"C-Line Cubicle Keepers Polyproplyene Holder w/Velcro Back, 8-1/2x11, 25/Bx",1,,
"Bush Westfield Collection Bookcases, Medium Cherry Finish",1,,
"Bush Saratoga Collection 5-Shelf Bookcase, Hanover Cherry, *Special Order",1,,
"Bush Heritage Pine Collection 5-Shelf Bookcase, Albany Pine Finish, *Special Order",1,,
"Bush Andora Conference Table, Maple/Graphite Gray Finish",1,,
"Bush Andora Bookcase, Maple/Graphite Gray Finish",1,,
Bush Advantage Collection Round Conference Table,1,,
Bush Advantage Collection Racetrack Conference Table,1,,
Bretford CR8500 Series Meeting Room Furniture,1,,
Bretford CR4500 Series Slim Rectangular Table,1,,
BoxOffice By Design Rectangular and Half-Moon Meeting Room Tables,1,,
"BOSTON Ranger #55 Pencil Sharpener, Black",1,,
"BOSTON Model 1800 Electric Pencil Sharpeners, Putty/Woodgrain",1,,
Boston KS Multi-Size Manual Pencil Sharpener,1,,
Boston Heavy-Duty Trimline Electric Pencil Sharpeners,1,,
"Boston Electric Pencil Sharpener, Model 1818, Charcoal Black",1,,
Boston 16765 Mini Stand Up Battery Pencil Sharpener,1,,
Blackstonian Pencils,1,,
"Black Avery Memo-Size 3-Ring Binder, 5 1/2"" x 8 1/2""",1,,
Bionaire 99.97% HEPA Air Cleaner,1,,
"Bevis Round Bullnose 29"" High Table Top",1,,
Bevis 36 x 72 Conference Tables,1,,
Belkin Standard 104 key USB Keyboard,1,,
Belkin QODE FastFit Bluetooth Keyboard,1,,
Belkin F9M820V08 8 Outlet Surge,1,,
Belkin F9H710-06 7 Outlet SurgeMaster Surge Protector,1,,
Belkin F9G930V10-GRY 9 Outlet Surge,1,,
Belkin 8-Outlet Premiere SurgeMaster II Surge Protectors,1,,
Belkin 8 Outlet Surge Protector,1,,
Belkin 6 Outlet Metallic Surge Strip,1,,
Bady BDG101FRU Card Printer,1,,
Avery White Multi-Purpose Labels,1,,
"Avery Trapezoid Ring Binder, 3"" Capacity, Black, 1040 sheets",1,,
Avery Reinforcements for Hole-Punch Pages,1,,
Avery Printable Repositionable Plastic Tabs,1,,
Avery Legal 4-Ring Binder,1,,
Avery Heavy-Duty EZD View Binder with Locking Rings,1,,
Avery Heavy-Duty EZD  Binder With Locking Rings,1,,
"Avery Framed View Binder, EZD Ring (Locking), Navy, 1 1/2""",1,,
Avery Durable Slant Ring Binders With Label Holder,1,,
Avery Binding System Hidden Tab Executive Style Index Sets,1,,
Avery Arch Ring Binders,1,,
Avery 518,1,,
Avery 517,1,,
Avery 501,1,,
Avery 495,1,,
Avery 488,1,,
Avery 487,1,,
Avery 478,1,,
Avery 477,1,,
Avery 474,1,,
Avaya 5420 Digital phone,1,,
"Atlantic Metals Mobile 4-Shelf Bookcases, Custom Colors",1,,
Ativa V4110MDD Micro-Cut Shredder,1,,
AT&T 17929 Lendline Telephone,1,,
AT&T 1080 Corded phone,1,,
"Array Parchment Paper, Assorted Colors",1,,
APC 7 Outlet Network SurgeArrest Surge Protector,1,,
Anderson Hickey Conga Table Tops & Accessories,1,,
Ampad #10 Peel & Seel Holiday Envelopes,1,,
AmazonBasics 3-Button USB Wired Mouse,1,,
Alphabetical Labels for Top Tab Filing,1,,
Alliance Rubber Bands,1,,
Airmail Envelopes,1,,
Advantus T-Pin Paper Clips,1,,
Advantus Rolling Storage Box,1,,
Advantus Rolling Drawer Organizers,1,,
Advantus Plastic Paper Clips,1,,
Advantus Motivational Note Cards,1,,
"Advantus 10-Drawer Portable Organizer, Chrome Metal Frame, Smoke Drawers",1,,
"Adams Telephone Message Book w/Frequently-Called Numbers Space, 400 Messages per Book",1,,
"Adams Telephone Message Book W/Dividers/Space For Phone Numbers, 5 1/4""X8 1/2"", 300/Messages",1,,
"Adams Telephone Message Book W/Dividers/Space For Phone Numbers, 5 1/4""X8 1/2"", 200/Messages",1,,
"Adams Phone Message Book, 200 Message Capacity, 8 1/16” x 11”",1,,
Acme Preferred Stainless Steel Scissors,1,,
"Acme Hot Forged Carbon Steel Scissors with Nickel-Plated Handles, 3 7/8"" Cut, 8""L",1,,
"Acme Design Line 8"" Stainless Steel Bent Scissors w/Champagne Handles, 3-1/8"" Cut",1,,
Accohide Poly Flexible Ring Binders,1,,
"ACCOHIDE 3-Ring Binder, Blue, 1""",1,,
Acco Translucent Poly Ring Binders,1,,
"Acco PRESSTEX Data Binder with Storage Hooks, Dark Blue, 14 7/8"" X 11""",1,,
"Acco Pressboard Covers with Storage Hooks, 9 1/2"" x 11"", Executive Red",1,,
"Acco Pressboard Covers with Storage Hooks, 14 7/8"" x 11"", Executive Red",1,,
Acco Perma 4000 Stacking Storage Drawers,1,,
Acco Glide Clips,1,,
"Acco Flexible ACCOHIDE Square Ring Data Binder, Dark Blue, 11 1/2"" X 14"" 7/8""",1,,
"Acco Data Flex Cable Posts For Top & Bottom Load Binders, 6"" Capacity",1,,
"Acco 7-Outlet Masterpiece Power Center, Wihtout Fax/Phone Line Protection",1,,
Acco 6 Outlet Guardian Standard Surge Suppressor,1,,
Aastra 57i VoIP phone,1,,
50 Colored Long Pencils,1,,
4009 Highlighters by Sanford,1,,
"3M Polarizing Task Lamp with Clamp Arm, Light Gray",1,,
24-Hour Round Wall Clock,1,,
2300 Heavy-Duty Transfer File Systems by Perma,1,,
14-7/8 x 11 Blue Bar Computer Printout Paper,1,,
"#10- 4 1/8"" x 9 1/2"" Security-Tint Envelopes",1,,
"#10- 4 1/8"" x 9 1/2"" Recycled Envelopes",1,,
"""While you Were Out"" Message Book, One Form per Page",1,,